id,object_id,cog_x,cog_y,cog_z,weight,mat,assieme,end1,end2,nested,object_type,subasm,locazione,t,length,length2,incr1,incr2,idn,costr,block,type
534068,10f0ad49-5b4a-40d6-9cf8-184209d22d19,10063,4277,3757,740.2,AH36,D02,-,-,false,part,G01,SHELL,BENT UNREGULAR,0,-,0,0,7010,14146,BL02,THK8
534076,19c224fa-3a15-4b4f-ad3b-d637fe72465d,6764,3541,2457,3.2,AH36,B52,-,-,false,part,G01,LONG_3546,FLAT,0,-,0,0,106,14146,BL02,THK10
534086,3193f2b5-dfc0-40cc-99bc-068ae954c131,6002,-1634,3567,146,AH36,B16,-,-,false,part,A02,FR_6,FLAT,0,-,0,0,302,14146,BL02,THK5
534095,992a32e3-cc06-407c-9cc1-bd78e7abe1fd,6047,3641,3525,5.6,AH36,B16,BF30+30,BI02,false,stiffner,A01,FR_6,FLAT,1110,-,0,0,576,14146,BL02,FB80x8
534105,d5cfef52-0095-45fe-99b7-4f3ce7262f29,6002,1784,3589,93.5,AH36,B16,-,-,false,part,A02,FR_6,FLAT,0,-,0,0,70,14146,BL02,THK5
534115,174e1ee6-0a22-405e-9e62-9901a0b753da,7004,2390,1955,14.1,AH36,B20,-,-,false,part,G01,FR_7,FLAT,0,-,0,0,93,14146,BL02,THK7
534125,a52337f8-928e-4bce-9964-44c310d67077,10960,1076,4436,3.8,AH36,E05,BF10,BF10,false,stiffner,G01,H.4550,FLAT,1007,-,0,0,739,14146,BL02,FB60x8
534134,93e53524-2115-46c9-8db0-8f41b2275970,10960,-1796,4436,3.8,AH36,E05,BF10,BF10,false,stiffner,G01,H.4550,FLAT,1007,-,0,0,739,14146,BL02,FB60x8
534142,9f4fa884-386b-44ab-b48c-dc8ea296a65c,10416,0,4569,60.6,AH36,B37,-,-,false,part,G01,FR_10.5-80,FLAT,0,-,0,0,192,14146,BL02,THK7
534152,9add9be1-335a-4445-83b2-14d703932dde,13497,2590,830,0.2,AH36,*,-,-,false,part,G01,MISC,FLAT,0,-,0,0,331,14146,BL02,THK7
534161,6ee3c8b6-b2c2-4d97-9f37-3ebc0a429ab8,5997,3084,4659,0.2,AH36,*,-,-,false,part,G01,MISC,FLAT,0,-,0,0,327,14146,BL02,THK7
534170,0a348b66-1fea-47ea-bf95-4fa765baa608,5996,4220,4213,0.2,AH36,*,-,-,false,part,G01,MISC,FLAT,0,-,0,0,325,14146,BL02,THK7
534180,74400399-02c8-4838-9622-4f482e6e76f0,13006,-3677,1676,33.7,AH36,B49,-,-,false,part,G01,FR_13,FLAT,0,-,0,0,248,14146,BL02,THK12
534191,69ed614e-85ce-412c-a4c5-60794ecba8cf,12837,4062,1890,248.6,AH36,D01,-,-,false,part,G01,SHELL,BENT UNREGULAR,0,-,0,0,7012,14146,BL02,THK15
534199,16393212-80d5-422b-ba73-fd8b5c44c520,10165,-2185,4639,0.2,AH36,*,-,-,false,part,G01,MISC,FLAT,0,-,0,0,315,14146,BL02,THK6
534209,42d8c21e-51c5-4d06-939d-4b8d940138ac,7975,2855,2475,0.2,AH36,*,-,-,false,part,G01,MISC,FLAT,0,-,0,0,153,14146,BL02,THK10
534219,07244d43-d97c-4825-a211-b042a68b5123,10754,-4245,2948,1,AH36,D01,BI02,BI02,false,stiffner,G01,SHELL,BENT UNREGULAR,443,-,0,0,878,14146,BL02,FB60x5
534229,03582415-25e0-46f2-8fcb-07cb5721ee1b,13254,-4263,3648,1,AH36,D02,BI02,BI02,false,stiffner,G01,SHELL,BENT UNREGULAR,443,-,0,0,873,14146,BL02,FB60x5
534237,28d54a4d-0e0f-4374-a91b-d8d74d874ace,8254,4232,3718,1,AH36,D02,BI02,BI02,false,stiffner,G01,SHELL,BENT UNREGULAR,443,-,0,0,863,14146,BL02,FB60x5
534246,c24f959e-5bbf-45f2-bc4a-d086ccf48e1a,13254,4259,2948,1,AH36,D01,BI02,BI02,false,stiffner,G01,SHELL,BENT UNREGULAR,443,-,0,0,883,14146,BL02,FB60x5
534256,d41f3509-d807-4bc1-9cbd-7284f203f9ab,12254,4258,3648,1,AH36,D02,BI02,BI02,false,stiffner,G01,SHELL,BENT UNREGULAR,443,-,0,0,871,14146,BL02,FB60x5
534266,5d62d0b9-e78d-4847-a35f-ff800d9a6daa,6047,-3641,2312,1.6,AH36,B17,BI02,BI02,false,stiffner,G01,FR_6,FLAT,326,-,0,0,858,14146,BL02,FB80x8
534276,177ca8ff-c011-4371-b963-3876ee27c7e8,6047,3346,2768,2.3,AH36,B17,BI02,BF30,false,stiffner,G01,FR_6,FLAT,463,-,0,0,588,14146,BL02,FB80x8
534285,65f53d10-2752-4767-a4d2-c1ea667810e6,6047,-4096,3594,6.3,AH36,B16,BF30+30,BI02,false,stiffner,A01,FR_6,FLAT,1248,-,0,0,573,14146,BL02,FB80x8
534294,7845b368-6c65-4b5d-9140-1256d992878b,6804,2510,4492,12.5,AH36,B11,BF10,BI02,false,stiffner,G01,LONGDEV_2560-3310PS,FLAT,1593,-,0,0,545,14146,BL02,FB100x10
534301,f718c72f-081d-4867-9715-baa6435721be,8505,0,1120,2.5,AH36,*,-,-,false,part,G01,MISC,FLAT,0,-,0,0,335,14146,BL02,THK10
534311,703c281f-3ec8-41d9-8825-c181af7a6384,12281,-3730,1690,3.9,AH36,B52,BF10,BF10,false,stiffner,G01,FIN_STUCTURES,BENT UNREGULAR,371,-,0,0,653,14146,BL02,FB90x15
534321,672b381b-ec43-40bb-a0be-ca9ef54030a0,12222,-3508,1463,7,AH36,B52,-,-,false,part,G01,FIN_STUCTURES,FLAT,0,-,0,0,294,14146,BL02,THK12
534330,3f1c45ed-afd5-49be-98ae-3969b53450cd,12755,3767,1586,4.9,AH36,B52,-,-,false,part,G01,FIN_STUCTURES,FLAT,0,-,0,0,293,14146,BL02,THK12
534339,01bdbd5b-2f2e-4575-aac1-f7b38ee9fe4a,13266,3276,1191,5.2,AH36,B52,-,-,false,part,G01,FIN_STUCTURES,FLAT,0,-,0,0,298,14146,BL02,THK12
534350,932c2e7f-ba23-4616-8655-4a9119c1bd0a,8504,-4122,2572,6.1,AH36,B28,-,-,false,part,G01,FR5_8.5,FLAT,0,-,0,0,157,14146,BL02,THK7
534359,17a97b54-ed78-450f-ab26-9ba31c6a9357,13460,-3981,1976,2.1,AH36,B50,BF30,BI02,false,stiffner,G01,FR_13.5,FLAT,562,-,0,0,841,14146,BL02,FB80x6
534369,48d0e5d7-a7bd-48f8-b74b-03a3a8f89a35,13457,1637,1465,6.5,AH36,B50,-,-,false,part,G01,FR_13.5,FLAT,0,-,0,0,286,14146,BL02,THK6
534377,b4e277c6-e48e-4cec-9dd5-a9cfb72aadd1,13453,1637,2598,3.1,AH36,B50,-,-,false,part,G01,FR_13.5,FLAT,0,-,0,0,284,14146,BL02,THK6
534387,a69f4471-f8c3-45da-b1e5-a1bba3e3ea07,13393,3313,2639,2,AH36,B50,BF10,BF10,false,stiffner,G01,FR_13.5,"BENT - 100,000000001384",724,-,0,0,838,14146,BL02,FB60x6
534396,543a2c02-3100-42d5-b9ec-161b6b84b8bc,13453,-1637,2598,3.1,AH36,B50,-,-,false,part,G01,FR_13.5,FLAT,0,-,0,0,284,14146,BL02,THK6
534404,c268916b-1084-46de-8d67-e3d5a6ef8dde,13453,-2502,2598,3.1,AH36,B50,-,-,false,part,G01,FR_13.5,FLAT,0,-,0,0,284,14146,BL02,THK6
534414,f61766ad-35a0-4de0-aa20-ac4638c0c3c0,13433,-3537,1914,8.2,AH36,B50,-,-,false,part,G01,FR_13.5,FLAT,0,-,0,0,280,14146,BL02,THK12
534423,dfd71a4c-af26-42e8-a24e-2234ce96566d,13450,3312,3705,5.6,AH36,B11,-,-,false,part,G01,LONGDEV_2560-3310PS,FLAT,0,-,0,0,274,14146,BL02,THK5
534433,6ed87959-7178-4eb0-a5d3-b2f7c408b490,13460,2157,3700,5.5,AH36,B53,BF30+30,BF30,false,stiffner,G01,FR_13.5,FLAT,1460,-,0,0,831,14146,BL02,FB80x6
534069,e0b5442c-9923-42ef-8238-7363af3510f1,9504,3558,1994,3.4,AH36,B33,BF10,BF10,false,stiffner,G01,FR_9.5,"BENT - 99,9999999996517",904,-,0,0,816,14146,BL02,FB60x8
534081,f1fad71a-6035-4dd6-8366-386745368341,6764,3541,2457,3.2,AH36,B52,-,-,false,part,G01,LONG_3546,FLAT,0,-,0,0,106,14146,BL02,THK10
534091,91f503bc-d77b-42e4-9027-4031797405f2,6047,-2564,2615,3.6,AH36,B17,BF30,BF30,false,stiffner,G01,FR_6,FLAT,710,-,0,0,631,14146,BL02,FB80x8
534101,aa0f1332-d4c2-4d79-82f9-24d0bb66a7f7,11609,1935,1296,272.8,AH36,B08,-,-,false,part,G01,LONG_1940,FLAT,0,-,0,0,53,14146,BL02,THK10
534111,6a3fbbaf-f9dd-449e-bf07-ba8f84b0f3ea,8480,347,1364,0.8,AH36,B28,BI02,BF30,false,stiffner,G01,FR5_8.5,FLAT,513,-,0,0,711,14146,BL02,FB40x5
534120,d1d27a85-ee16-4548-9400-ba81d33797a9,11755,-695,895,22.1,AH36,B45,-,-,false,part,G01,SEACHEST,FLAT,0,-,0,0,337,14146,BL02,THK10
534131,05504166-44cd-4ebe-9180-df261f14f247,11001,1076,4509,7.1,AH36,E05,-,-,false,part,G01,H.4550,FLAT,0,-,0,0,267,14146,BL02,THK7
534140,527648e9-cab0-4112-bca7-fb44d5c9b258,11001,-716,4509,7.1,AH36,E05,-,-,false,part,G01,H.4550,FLAT,0,-,0,0,267,14146,BL02,THK7
534149,ee748c1d-e9e8-4cd2-8f09-f2dc88ea74c3,13496,1146,436,0.2,AH36,*,-,-,false,part,G01,MISC,FLAT,0,-,0,0,333,14146,BL02,THK7
534159,68ad4d85-31a9-4602-bc7c-31bcb91c64dd,7496,-1017,2227,0.1,AH36,*,-,-,false,part,G01,MISC,FLAT,0,-,0,0,133,14146,BL02,THK7
534169,964a776d-eeb1-4bcc-addd-aa2f5cdd38ad,5996,-4220,4213,0.2,AH36,*,-,-,false,part,G01,MISC,FLAT,0,-,0,0,325,14146,BL02,THK7
534179,ba6f3c8e-0998-497e-9f2d-b76d002af12c,13006,3677,1676,33.7,AH36,B49,-,-,false,part,G01,FR_13,FLAT,0,-,0,0,248,14146,BL02,THK12
534188,0ea5076d-f6c2-4ed6-844b-57bac7738b94,12796,3180,1147,285.9,AH36,D01,-,-,false,part,G01,SHELL,BENT UNREGULAR,0,-,0,0,7006,14146,BL02,THK15
534198,6c3619c2-e871-4f72-9082-0c4347cc0474,7996,-4174,2480,0.1,AH36,*,-,-,false,part,G01,MISC,FLAT,0,-,0,0,316,14146,BL02,THK7
534208,2530f9a8-dee2-4618-8c05-43ad2e61933e,11763,345,696,15.4,AH36,B45,-,-,false,part,G01,SEACHEST,FLAT,0,-,0,0,226,14146,BL02,THK10
534217,e3e93155-cdac-44cd-83fa-f8859fac2dc5,8754,-4235,3648,1,AH36,D02,BI02,BI02,false,stiffner,G01,SHELL,BENT UNREGULAR,443,-,0,0,864,14146,BL02,FB60x5
534227,70b38d4f-b8fc-4379-9c28-c99f1fba277b,9754,-4232,2948,1,AH36,D01,BI02,BI02,false,stiffner,G01,SHELL,BENT UNREGULAR,443,-,0,0,876,14146,BL02,FB60x5
534239,a0ed3ee0-49ed-49f2-ac28-76dbb8a14ff8,9254,-4239,3648,1,AH36,D02,BI02,BI02,false,stiffner,G01,SHELL,BENT UNREGULAR,443,-,0,0,865,14146,BL02,FB60x5
534250,a7caa3ad-301d-4f47-8627-2e88a91b3552,12254,4254,2948,1,AH36,D01,BI02,BI02,false,stiffner,G01,SHELL,BENT UNREGULAR,443,-,0,0,881,14146,BL02,FB60x5
534260,8f18b359-6778-41b7-b021-50b076511ddc,10754,4249,3648,1,AH36,D02,BI02,BI02,false,stiffner,G01,SHELL,BENT UNREGULAR,443,-,0,0,868,14146,BL02,FB60x5
534270,a171b249-5129-4e06-8902-167283e5acf6,6047,-3641,2768,2.3,AH36,B17,BI02,BF30,false,stiffner,G01,FR_6,FLAT,463,-,0,0,587,14146,BL02,FB80x8
534281,bf7a6c8b-dfd7-4993-ad66-bb90b59b1f95,6047,3846,2353,1.2,AH36,B17,BI02,BI02,false,stiffner,G01,FR_6,FLAT,244,-,0,0,857,14146,BL02,FB80x8
534290,5bc7f331-47f6-4608-8d9c-5023259aaa72,6047,2846,3525,5.6,AH36,B16,BF30+30,BI02,false,stiffner,A01,FR_6,FLAT,1110,-,0,0,576,14146,BL02,FB80x8
534302,025365f0-d7c3-4d2b-80b0-2ecd2b36b016,8505,-2535,2006,6.3,AH36,B28,BF10,BF10,false,stiffner,G01,FR_8.5,"BENT - 100,000000000085",667,-,0,0,854,14146,BL02,FB100x12
534313,ea45e03f-a709-449a-872a-07ceffc4e7cb,12685,-3020,1224,2.6,AH36,B52,BF10,BF10+50,false,stiffner,G01,FIN_STUCTURES,"BENT - 49,9999999997051",250,-,0,0,847,14146,BL02,FB90x15
534324,1a7000bb-63fe-4687-8277-afd45136eb89,12816,-3218,1285,3.1,AH36,B52,BF10+50,BF10,false,stiffner,G01,FIN_STUCTURES,FLAT,295,-,0,0,656,14146,BL02,FB90x15
534335,cc4b4740-79aa-4ef4-9329-1b4b598684b8,12744,2981,1144,6.5,AH36,B52,-,-,false,part,G01,FIN_STUCTURES,FLAT,0,-,0,0,299,14146,BL02,THK12
534342,c2184442-1875-4710-8716-e814b47bbe95,13230,3240,1247,3.8,AH36,B52,BF10,BF10,false,stiffner,G01,FIN_STUCTURES,"BENT - 149,999999999989",360,-,0,0,848,14146,BL02,FB90x15
534353,d4b08ff5-f676-4e09-9ece-d16f3a086d7e,10503,-1461,1008,6.4,AH36,B38,-,-,false,part,G01,FR_10.5,FLAT,0,-,0,0,194,14146,BL02,THK7
534362,921f9d28-d3f7-4014-a26c-0a5bc8b84d20,13446,0,2613,3,AH36,B50,-,-,false,part,G01,FR_13.5,FLAT,0,-,0,0,290,14146,BL02,THK5
534371,e0cfca04-1c79-42ac-85db-230f3c80c05d,13456,-697,1450,6.6,AH36,B50,-,-,false,part,G01,FR_13.5,FLAT,0,-,0,0,288,14146,BL02,THK6
534381,d1e810f6-4946-40cb-9c66-199d7a7c119d,13453,2502,2598,3.1,AH36,B50,-,-,false,part,G01,FR_13.5,FLAT,0,-,0,0,284,14146,BL02,THK6
534391,285d6807-2b7e-4c2a-8146-ec686197fa7b,13436,3312,1840,9.5,AH36,B50,-,-,false,part,G01,FR_13.5,FLAT,0,-,0,0,281,14146,BL02,THK12
534401,14a53a39-d510-4014-afa8-8b75904d20ce,13460,-3540,2630,2.8,AH36,B50,BF30,BF30,false,stiffner,G01,FR_13.5,FLAT,740,-,0,0,835,14146,BL02,FB80x6
534410,ea448681-8ca6-4103-9515-cb86b664d27a,12668,-3064,2205,9.9,AH36,E02,BF30,BF30,false,stiffner,G01,H.2250,FLAT,1163,-,0,0,504,14146,BL02,FB90x12
534420,afafdaa6-fbd7-4b97-9460-9037e1c772e1,13503,0,2468,329,AH36,B50,-,-,false,part,G01,FR_13.5,FLAT,0,-,0,0,275,14146,BL02,THK5
534430,59e99485-9db2-454d-9fd1-c57fb629718c,13460,697,3700,5.5,AH36,B53,BF30+30,BF30,false,stiffner,G01,FR_13.5,FLAT,1460,-,0,0,831,14146,BL02,FB80x6
534439,90ad3837-4b0f-49cc-bbd5-7fe62f67f17c,13460,-347,3700,5.5,AH36,B53,BF30+30,BF30,false,stiffner,G01,FR_13.5,FLAT,1460,-,0,0,831,14146,BL02,FB80x6
534448,6619d07a-8743-428e-97bb-f987a37fdbd2,13507,3318,4529,1.8,AH36,*,-,-,false,part,G01,MISC,FLAT,0,-,0,0,269,14146,BL02,THK5
534458,fc0d4658-348d-4f9a-a219-0405af84d7d6,13503,0,3798,557.7,AH36,B53,-,-,false,part,G01,FR_13.5,FLAT,0,-,0,0,272,14146,BL02,THK5
534470,0fb83c9c-354f-4f94-85c8-eb0f0b762d6e,6745,3516,2414,1.8,AH36,B52,BF10,BF10,false,stiffner,G01,LONG_3546,"BENT - 80,0000000008044",476,-,0,0,661,14146,BL02,FB60x8
534480,7b222f5f-c5f2-4fa6-a920-34f1ee699c30,8003,-4154,2718,4,AH36,B24,-,-,false,part,G01,FR_8,FLAT,0,-,0,0,86,14146,BL02,THK7
534489,f83ffd69-697b-4eb6-9722-17824043e688,7960,3306,2156,3.2,AH36,B24,BI02,BI02,false,stiffner,G01,FR_8,FLAT,638,-,0,0,673,14146,BL02,FB80x8
534499,040193a7-cf8c-44e1-a2d1-7c9b1a588232,7960,-3770,2256,2.2,AH36,B24,BI02,BI02,false,stiffner,G01,FR_8,FLAT,438,-,0,0,675,14146,BL02,FB80x8
534511,3ed2953d-e0fa-4cf2-b425-ed191517190a,7503,4079,2751,2,AH36,B22,BF10,BF10,false,stiffner,G01,FR_7.5,"BENT - 149,999999999656",529,-,0,0,613,14146,BL02,FB60x8
534520,a281a7bf-3313-419c-9ff5-c2a7ef9b7601,7503,-3499,2232,17.9,AH36,B22,-,-,false,part,G01,FR_7.5,FLAT,0,-,0,0,108,14146,BL02,THK7
534530,51cfd952-3ca9-4ede-87a3-3a8a965f49bb,7003,-3396,2339,4.4,AH36,B20,BF10,BF10,false,stiffner,G01,FR_7,"BENT - 100,00000000032",1167,-,0,0,632,14146,BL02,FB60x8
534540,5870825f-bb59-49ee-bffc-6312851907ee,6503,4063,2748,2,AH36,B19,BF10,BF10,false,stiffner,G01,FR_6.5,BENT - 150.000000001633,541,-,0,0,512,14146,BL02,FB60x8
534550,20812764-6ee1-44ca-ab04-f541dd23d348,6547,-3774,2320,1.6,AH36,B19,BI02,BI02,false,stiffner,G01,FR_6.5,FLAT,310,-,0,0,620,14146,BL02,FB80x8
534559,86a84ea4-40e0-4c72-b69c-7da397978fb5,8502,1092,4607,5,AH36,B29,BF10,BF10,false,stiffner,G01,FR_8.5,BENT - 100.00000000014,2143,-,0,0,687,14146,BL02,FB60x5
534569,92e1c35b-7186-407a-b908-1fe8abf622b8,8004,-2100,4490,7.5,AH36,B25,BF10,BF10_67°,false,stiffner,G01,FR_8,FLAT,1190,-,0,0,688,14146,BL02,FB80x10
534579,28cf47f8-e0d5-46b6-b58f-702f8493ba0f,8064,1127,4489,8,AH36,B27,BF10,BF10,false,stiffner,G01,FR_8+100,FLAT,2135,-,0,0,701,14146,BL02,L50x50x5
534589,71432ef4-34f7-46d1-97b6-618559bb79a1,8108,-19,4595,2.2,AH36,*,-,-,false,part,G01,MISC,FLAT,0,-,0,0,149,14146,BL02,THK5
534070,7df20a15-db3f-44b3-8736-0d20bccf6484,7613,-4140,2513,283.8,AH36,D01,-,-,false,part,G01,SHELL,BENT UNREGULAR,0,-,0,0,7004,14146,BL02,THK9
534079,ae145266-e682-4e03-9fda-72558cfc7736,12502,2730,4532,2.7,AH36,B46,BF10,BF10,false,stiffner,G01,FR_12.5,"BENT - 99,9999999996054",1147,-,0,0,783,14146,BL02,FB60x5
534089,da9e540e-4611-438f-8b85-9ea639418dc2,6806,-2564,4592,18.8,AH36,B12,-,-,false,part,G01,LONGDEV_2560-3310SB,FLAT,0,-,0,0,61,14146,BL02,THK8
534099,37a8f153-8298-45c0-9ee7-24f82981b1eb,11493,-1045,1201,350.6,AH36,B03,-,-,false,part,G01,LONG_1050,FLAT,0,-,0,0,32,14146,BL02,THK10
534107,eb972f23-c5f3-410a-b72e-f492cf8132b1,8480,-347,1364,0.8,AH36,B28,BI02,BF30,false,stiffner,G01,FR5_8.5,FLAT,513,-,0,0,711,14146,BL02,FB40x5
534119,fea9aff3-9a27-45d7-8be0-97ebd3f0b3e6,7004,3490,2273,17.7,AH36,B20,-,-,false,part,G01,FR_7,FLAT,0,-,0,0,96,14146,BL02,THK7
534127,5a6d9856-c365-4b70-bd9f-8abc10d32297,11001,1436,4509,7.1,AH36,E05,-,-,false,part,G01,H.4550,FLAT,0,-,0,0,267,14146,BL02,THK7
534137,f04679d8-316c-428c-b865-03418ca5718e,10960,-1436,4436,3.8,AH36,E05,BF10,BF10,false,stiffner,G01,H.4550,FLAT,1007,-,0,0,739,14146,BL02,FB60x8
534147,d98fa49b-32d1-4274-820c-3a0f69f3183f,13511,0,278,1.7,AH36,*,-,-,false,part,G01,MISC,FLAT,0,-,0,0,334,14146,BL02,THK7
534157,2b5d0972-4cf3-4c59-a814-7d3b8bae1602,10423,-150,4681,0.2,AH36,*,-,-,false,part,G01,MISC,FLAT,0,-,0,0,329,14146,BL02,THK7
534166,8841fc45-47d8-4df9-97e1-a1fa2c661fba,5996,-3786,4633,0.2,AH36,*,-,-,false,part,G01,MISC,FLAT,0,-,0,0,325,14146,BL02,THK7
534176,f9c0eb41-b862-46b9-9bd1-d4150c12fcf5,5996,3772,2199,0.2,AH36,*,-,-,false,part,G01,MISC,FLAT,0,-,0,0,322,14146,BL02,THK7
534185,724670fd-bc84-4e0a-b3f2-80b9c7c7005d,12003,3385,1814,56.8,AH36,B44,-,-,false,part,G01,FR_12,FLAT,0,-,0,0,222,14146,BL02,THK7
534194,aa83dba8-f233-4ea0-a76b-7b04500dd2bc,11996,-2873,2227,0.1,AH36,*,-,-,false,part,G01,MISC,FLAT,0,-,0,0,133,14146,BL02,THK7
534203,89055803-86bd-41fc-a976-b93b00c7c813,11533,-355,857,0.2,AH36,*,-,-,false,part,G01,MISC,FLAT,0,-,0,0,313,14146,BL02,THK10
534213,6721bffe-37a9-4388-ab94-1d579c0fc844,10015,-3647,1738,103.3,AH36,D01,-,-,false,part,G01,SHELL,BENT UNREGULAR,0,-,0,0,7005,14146,BL02,THK15
534221,e815333a-b97a-4303-ba74-d415b87d4a8f,12754,-4256,2948,1,AH36,D01,BI02,BI02,false,stiffner,G01,SHELL,BENT UNREGULAR,443,-,0,0,882,14146,BL02,FB60x5
534230,c669f5dc-ea18-4480-8cd8-4600c04da23e,12254,-4258,3648,1,AH36,D02,BI02,BI02,false,stiffner,G01,SHELL,BENT UNREGULAR,443,-,0,0,871,14146,BL02,FB60x5
534238,ef0e9218-0c20-4ce0-a3b3-f7917e690ddd,7754,4227,3718,1,AH36,D02,BI02,BI02,false,stiffner,G01,SHELL,BENT UNREGULAR,443,-,0,0,862,14146,BL02,FB60x5
534248,cff6199e-bbfc-41ad-bf49-ee1f783a3a19,12754,4256,2948,1,AH36,D01,BI02,BI02,false,stiffner,G01,SHELL,BENT UNREGULAR,443,-,0,0,882,14146,BL02,FB60x5
534257,974ad071-8c81-43a1-b527-abf4b62ec3c7,11254,4253,3648,1,AH36,D02,BI02,BI02,false,stiffner,G01,SHELL,BENT UNREGULAR,443,-,0,0,869,14146,BL02,FB60x5
534267,1c6298d9-22fd-4e77-8dac-35a605847cf2,6047,-3846,2353,1.2,AH36,B17,BI02,BI02,false,stiffner,G01,FR_6,FLAT,244,-,0,0,857,14146,BL02,FB80x8
534277,6eac8adf-1306-493f-b079-1faff8b3a123,6047,3346,2272,2,AH36,B17,BI02,BI02,false,stiffner,G01,FR_6,FLAT,406,-,0,0,859,14146,BL02,FB80x8
534287,cd6747f3-fc79-4891-9a96-e7762801666c,6047,-2846,3716,7.5,AH36,B16,BF30+30,BI02,false,stiffner,A01,FR_6,FLAT,1491,-,0,0,577,14146,BL02,FB80x8
534295,6a38de46-75be-47d4-a0b8-9eefc2e83aca,6803,2563,4397,50.7,AH36,B11,-,-,false,part,G01,LONGDEV_2560-3310PS,FLAT,0,-,0,0,58,14146,BL02,THK7
534305,2d84dba2-b304-45c4-98d3-4ee6b49a2ab5,12503,-4125,2618,3.9,AH36,B47,BF10,BF10,false,stiffner,G01,FR_12.5,"BENT - 149,999999999505",783,-,0,0,849,14146,BL02,FB80x8
534314,b0a65ed8-a258-4189-9e64-e1cc0f4ddb32,12355,-3011,1263,2.5,AH36,B52,BF10,BF10+50,false,stiffner,G01,FIN_STUCTURES,"BENT - 49,9999999995479",239,-,0,0,846,14146,BL02,FB90x15
534323,92bd37af-bc7d-4865-adb5-75c574284a7d,12250,-3772,1647,5,AH36,B52,-,-,false,part,G01,FIN_STUCTURES,FLAT,0,-,0,0,292,14146,BL02,THK12
534333,cc567f94-87ee-49dc-a6ac-90163dae01e0,12685,3020,1224,2.6,AH36,B52,BF10,BF10+50,false,stiffner,G01,FIN_STUCTURES,"BENT - 49,9999999997051",250,-,0,0,847,14146,BL02,FB90x15
534341,4036731c-1557-4636-8656-67cd196798d4,12222,3508,1463,7,AH36,B52,-,-,false,part,G01,FIN_STUCTURES,FLAT,0,-,0,0,294,14146,BL02,THK12
534351,f81098bb-c884-4c09-bee6-852143842576,8504,4122,2572,6.1,AH36,B28,-,-,false,part,G01,FR5_8.5,FLAT,0,-,0,0,157,14146,BL02,THK7
534357,e4c11c91-4a70-40d4-a885-c00257e7438a,13460,0,451,0.9,AH36,B50,BF30,BF30,false,stiffner,G01,FR_13.5,FLAT,227,-,0,0,844,14146,BL02,FB80x6
534367,29164117-a1da-40dd-b00f-8a1a50b93b05,13456,697,1450,6.6,AH36,B50,-,-,false,part,G01,FR_13.5,FLAT,0,-,0,0,288,14146,BL02,THK6
534376,472c79a6-644e-4deb-9f59-f21c3a2e6526,13453,697,2598,3.1,AH36,B50,-,-,false,part,G01,FR_13.5,FLAT,0,-,0,0,284,14146,BL02,THK6
534385,0544b705-c43b-4d20-a9a2-e1944f0a8cbb,13460,3540,2630,2.8,AH36,B50,BF30,BF30,false,stiffner,G01,FR_13.5,FLAT,740,-,0,0,835,14146,BL02,FB80x6
534394,09e38ea4-6977-4537-bf0c-a2c3645397b5,13453,-697,2598,3.1,AH36,B50,-,-,false,part,G01,FR_13.5,FLAT,0,-,0,0,284,14146,BL02,THK6
534405,3197977a-a8ad-499e-8882-89beeba40404,13456,-2502,1588,5.6,AH36,B50,-,-,false,part,G01,FR_13.5,FLAT,0,-,0,0,283,14146,BL02,THK6
534415,297e5c75-6063-4eea-8274-3b0f48328585,13436,-3312,1840,9.5,AH36,B50,-,-,false,part,G01,FR_13.5,FLAT,0,-,0,0,281,14146,BL02,THK12
534425,3c3fd86c-e08e-4c8b-b6c8-82b661f1db9e,13397,-3313,3699,4.1,AH36,B12,BF10+30,BF10,false,stiffner,G01,LONGDEV_2560-3310SB,FLAT,1458,-,0,0,832,14146,BL02,FB60x6
534434,d5831d82-228a-41f0-a62c-5c6aa3718d78,13460,2847,3700,5.5,AH36,B53,BF30+30,BF30,false,stiffner,G01,FR_13.5,FLAT,1460,-,0,0,831,14146,BL02,FB80x6
534444,9b250a88-d03f-4cf7-b26f-dcf1599dab7c,13460,-2157,3700,5.5,AH36,B53,BF30+30,BF30,false,stiffner,G01,FR_13.5,FLAT,1460,-,0,0,831,14146,BL02,FB80x6
534451,3d06b52f-4bf5-4ac3-963f-9dc46fb0f088,13450,0,3702,5.6,AH36,B02,-,-,false,part,G01,LONG_CL,FLAT,0,-,0,0,268,14146,BL02,THK5
534459,70f40875-5733-424a-bfb8-23998c764253,13460,-3067,3700,5.5,AH36,B53,BF30+30,BF30,false,stiffner,G01,FR_13.5,FLAT,1460,-,0,0,831,14146,BL02,FB80x6
534468,119809e0-7fef-4ecf-87cc-e0529447b355,6547,3542,2245,1.7,AH36,B19,BI02,BF30,false,stiffner,G01,FR_6.5,FLAT,334,-,0,0,619,14146,BL02,FB80x8
534477,ef3f576a-26e1-472e-b1a5-0bb758998220,8003,4195,3604,8.3,AH36,B25,-,-,false,part,G01,FR_8,FLAT,0,-,0,0,143,14146,BL02,THK7
534487,8e9d694e-cc59-4efb-b402-a775f8a07dc0,7463,2890,2376,4.6,AH36,B13,BF30,BF30,false,stiffner,G01,LONG_2850PS,FLAT,913,-,0,0,555,14146,BL02,FB80x8
534495,2399f5a3-b3cf-4711-a50b-a6953d2f1a58,7960,-2960,1944,1.1,AH36,B24,BF30,BF30,false,stiffner,G01,FR_8,FLAT,220,-,0,0,635,14146,BL02,FB80x8
534504,f8587881-3948-4276-83d7-85d0d93b40dc,7504,-4124,3511,4.1,AH36,B23,BF10+30,BF10,false,stiffner,G01,FR_7.5,"BENT - 149,999999999172",1085,-,0,0,671,14146,BL02,FB60x8
534514,9f76293e-adc3-410e-8b2c-c7f0d66f8803,7504,3362,2018,3.3,AH36,B22,BF10,BF10,false,stiffner,G01,FR_7.5,"BENT - 200,000000000242",889,-,0,0,598,14146,BL02,FB60x8
534524,bebce26c-8055-4d8f-9614-34c4b233d614,7004,4119,3511,4.1,AH36,B21,BF10+30,BF10,false,stiffner,G01,FR_7,"BENT - 150,000000001293",1085,-,0,0,663,14146,BL02,FB60x8
534534,b41e8978-0394-4746-bbde-3c288817224b,6497,-2877,1915,0.2,AH36,*,-,-,false,part,G01,MISC,FLAT,0,-,0,0,317,14146,BL02,THK7
534542,760799a4-7447-4aca-b109-d146d0261693,6504,-4113,3523,4.2,AH36,B18,BF10+30,BF10,false,stiffner,G01,FR_6.5,BENT - 149.999999999771,1111,-,0,0,662,14146,BL02,FB60x8
534552,b78b16ff-0fde-4275-a9e9-982d5f289407,6503,-3378,2262,30.5,AH36,B19,-,-,false,part,G01,FR_6.5,FLAT,0,-,0,0,88,14146,BL02,THK7
534071,ff154609-b4ac-4f66-b345-ff6a0d80b5c5,10004,4182,2457,186.6,AH36,D01,-,-,false,part,G01,SHELL,BENT UNREGULAR,0,-,0,0,7011,14146,BL02,THK15
534080,c31003fb-9ca8-4b0a-b31b-843b7b8deb70,10063,-4277,3757,740.2,AH36,D02,-,-,false,part,G01,SHELL,BENT UNREGULAR,0,-,0,0,7010,14146,BL02,THK8
534090,9fc922a3-829a-4bd1-a698-66fe8bbeb5ef,6145,-2566,4427,0.5,AH36,B12,-,-,false,part,G01,LONGDEV_2560-3310SB,FLAT,0,-,0,0,94,14146,BL02,THK5
534100,8eb6cef5-6104-442f-b66e-d4279095fb56,11609,-1935,1296,272.8,AH36,B08,-,-,false,part,G01,LONG_1940,FLAT,0,-,0,0,53,14146,BL02,THK10
534109,49329127-da30-4ec6-88e0-7bddec436415,8480,-697,1394,0.7,AH36,B28,BI02,BF30,false,stiffner,G01,FR5_8.5,FLAT,453,-,0,0,712,14146,BL02,FB40x5
534117,3fd89d54-ea62-41e6-9eb0-07f3f6d1f19c,10003,-4145,3725,5.7,AH36,B34,BF10+30,BF10,false,stiffner,G01,FR_10,"BENT - 150,000000000059",1511,-,0,0,726,14146,BL02,FB60x8
534126,5dc65c51-4dbf-4e50-a544-3b28e1675dcb,11001,1796,4509,7.1,AH36,E05,-,-,false,part,G01,H.4550,FLAT,0,-,0,0,267,14146,BL02,THK7
534136,b1e8031a-5edf-4158-8f71-759a2c5019d3,11001,-1796,4509,7.1,AH36,E05,-,-,false,part,G01,H.4550,FLAT,0,-,0,0,267,14146,BL02,THK7
534146,361b93fc-7bdc-4c8f-bb92-a47d31623d79,6055,1938,3368,8.7,AH36,B09,-,-,false,part,G01,LONG_1940,FLAT,0,-,0,0,301,14146,BL02,THK5
534155,73aa6096-73b0-4191-a4df-1cdaadf1d023,10423,-1585,4677,0.2,AH36,*,-,-,false,part,G01,MISC,FLAT,0,-,0,0,329,14146,BL02,THK7
534165,2c1c250f-1043-48f7-a72a-e4b8cb38db76,5996,3935,4225,0.2,AH36,*,-,-,false,part,G01,MISC,FLAT,0,-,0,0,323,14146,BL02,THK7
534174,94ac7e7d-01f3-48b9-86bd-fc2d3204badf,5997,-2088,1847,0.2,AH36,*,-,-,false,part,G01,MISC,FLAT,0,-,0,0,126,14146,BL02,THK7
534183,3cf2213b-d683-4f35-8e86-4f391eb9af24,11996,-3723,1592,0.2,AH36,*,-,-,false,part,G01,MISC,FLAT,0,-,0,0,321,14146,BL02,THK7
534193,690da8da-ade2-4776-8bfc-300466812e8f,11495,-1013,692,0.3,AH36,*,-,-,false,part,G01,MISC,FLAT,0,-,0,0,320,14146,BL02,THK10
534200,d19290cb-28d7-4b2c-b6f5-187f7d0689b3,6514,3038,4064,3.9,AH36,B52,BF10,BF10,false,stiffner,G01,BOX,FLAT,1057,-,0,0,884,14146,BL02,L50x50x5
534210,03e1536c-d936-4be6-8643-62aae0b9c132,7976,-2855,1696,0.2,AH36,*,-,-,false,part,G01,misc,FLAT,0,-,0,0,266,14146,BL02,THK10
534218,f627c6e5-3302-42d7-bcc0-1c67a27e498b,9254,-4234,2948,1,AH36,D01,BI02,BI02,false,stiffner,G01,SHELL,BENT UNREGULAR,443,-,0,0,875,14146,BL02,FB60x5
534228,d94337ed-e029-4bc4-bfcf-29902561353e,8741,-4229,2948,1.1,AH36,D01,BI02,BI02,false,stiffner,G01,SHELL,BENT UNREGULAR,468,-,0,0,874,14146,BL02,FB60x5
534235,91e2cf67-28fb-4b4c-973a-91986298bb12,6254,-4213,3718,1,AH36,D02,BI02,BI02,false,stiffner,G01,SHELL,BENT UNREGULAR,443,-,0,0,575,14146,BL02,FB60x5
534245,bd684538-01ba-488f-93ad-88ea7d3e3086,9254,4234,2948,1,AH36,D01,BI02,BI02,false,stiffner,G01,SHELL,BENT UNREGULAR,443,-,0,0,875,14146,BL02,FB60x5
534255,463205cb-81f9-45ba-b258-f1316e052646,12754,4261,3648,1,AH36,D02,BI02,BI02,false,stiffner,G01,SHELL,BENT UNREGULAR,443,-,0,0,872,14146,BL02,FB60x5
534264,4ea7b089-c7dd-4ff3-9497-897323747150,6047,-3346,2272,2,AH36,B17,BI02,BI02,false,stiffner,G01,FR_6,FLAT,406,-,0,0,859,14146,BL02,FB80x8
534273,6545e58a-3c50-43ad-a96c-f4477bfb4bec,6047,3096,2244,2.3,AH36,B17,BI02,BI02,false,stiffner,G01,FR_6,FLAT,461,-,0,0,860,14146,BL02,FB80x8
534283,cbf69c26-9761-4b30-9f83-b6de9356d6a4,6047,-3641,3716,7.5,AH36,B16,BF30+30,BI02,false,stiffner,A01,FR_6,FLAT,1491,-,0,0,577,14146,BL02,FB80x8
534292,16e25c32-aa97-422f-a1b3-11e7231c99b7,6047,3346,3525,5.6,AH36,B16,BF30+30,BI02,false,stiffner,A01,FR_6,FLAT,1110,-,0,0,576,14146,BL02,FB80x8
534300,9a972b5f-9c33-4d1a-8b66-f8c0fb5d6beb,8078,-552,4267,0.8,AH36,B27,BF30,BF30,false,stiffner,G01,FR_8+100,FLAT,470,-,0,0,853,14146,BL02,FB45x5
534310,9d377c52-c1e4-4d09-b06f-481278f4bab6,12755,-3767,1586,4.9,AH36,B52,-,-,false,part,G01,FIN_STUCTURES,FLAT,0,-,0,0,293,14146,BL02,THK12
534318,21d9179a-f3c6-4c41-a9f3-2862584b3858,13266,-3276,1191,5.2,AH36,B52,-,-,false,part,G01,FIN_STUCTURES,FLAT,0,-,0,0,298,14146,BL02,THK12
534328,670ba8ba-260b-4455-8c1c-e27162db0be6,6996,-2845,2149,91.4,AH36,B14,-,-,false,part,G01,LONG_2850SB,FLAT,0,-,0,0,265,14146,BL02,THK10
534337,9fe7c481-907f-49b8-8c19-7da9855a164e,12792,3496,1384,6.1,AH36,B52,-,-,false,part,G01,FIN_STUCTURES,FLAT,0,-,0,0,295,14146,BL02,THK12
534346,f099c62f-125a-4542-98ac-01edc5f7b0e9,12816,3218,1285,3.1,AH36,B52,BF10+50,BF10,false,stiffner,G01,FIN_STUCTURES,FLAT,295,-,0,0,656,14146,BL02,FB90x15
534355,35478d22-844f-450b-9d41-f5ba6eb7d34b,13588,4111,2858,3.5,AH36,E06,-,-,false,part,G01,H_2860,FLAT,0,-,0,0,291,14146,BL02,THK7
534365,2b9d6efa-9f3e-421f-886f-38f0ea9f4b31,8104,1913,2157,3.8,AH36,B26,BF10,BF10,false,stiffner,G01,FR_8+100,"BENT - 49,9999999998189",751,-,0,0,693,14146,BL02,FB80x8
534374,4f81f610-a6dc-44d0-9065-b765805f92fe,13456,-2157,1535,6,AH36,B50,-,-,false,part,G01,FR_13.5,FLAT,0,-,0,0,285,14146,BL02,THK6
534384,9fa14a92-ca3e-416f-9afe-6526543c0130,13460,3790,2630,2.8,AH36,B50,BF30,BF30,false,stiffner,G01,FR_13.5,FLAT,740,-,0,0,835,14146,BL02,FB80x6
534393,9738df1d-5f1d-4565-8d45-a43df2b4b9ca,13453,-347,2598,3.1,AH36,B50,-,-,false,part,G01,FR_13.5,FLAT,0,-,0,0,284,14146,BL02,THK6
534403,3a4c1130-1e6d-4479-af4c-075a0681dc4c,13345,0,2255,35.1,AH36,B50,BL04,BL04,false,stiffner,G01,FR_13.5,FLAT,5590,-,0,0,834,14146,BL02,FB80x10
534413,0897ab6a-564a-434a-8793-b00d1c72b62c,13438,-3064,1791,10.4,AH36,B50,-,-,false,part,G01,FR_13.5,FLAT,0,-,0,0,282,14146,BL02,THK12
534421,fe507aea-febd-4561-ba9b-0c273c3ec01c,13397,3313,3699,4.1,AH36,B11,BF10+30,BF10,false,stiffner,G01,LONGDEV_2560-3310PS,FLAT,1458,-,0,0,833,14146,BL02,FB60x6
534431,64be68ee-c56d-439b-8b56-740d8a7fad00,13460,1337,3700,5.5,AH36,B53,BF30+30,BF30,false,stiffner,G01,FR_13.5,FLAT,1460,-,0,0,831,14146,BL02,FB80x6
534440,07dfcb61-8689-4c01-aaf5-456452288fb1,13460,-697,3700,5.5,AH36,B53,BF30+30,BF30,false,stiffner,G01,FR_13.5,FLAT,1460,-,0,0,831,14146,BL02,FB80x6
534449,1a1b9f73-026d-4618-80e2-8c6a531ea44a,13497,4275,4602,0.1,AH36,*,-,-,false,part,G01,MISC,FLAT,0,-,0,0,271,14146,BL02,THK5
534461,7a244f35-91a6-4671-b3de-d4ff866b0cb7,13460,-3790,3794,6.2,AH36,B53,BF30+30,BI02,false,stiffner,G01,FR_13.5,FLAT,1648,-,0,0,828,14146,BL02,FB80x6
534471,e3602d40-f017-4da0-857c-16b45f1bcadf,6547,-3542,2245,1.7,AH36,B19,BI02,BF30,false,stiffner,G01,FR_6.5,FLAT,334,-,0,0,619,14146,BL02,FB80x8
534481,e69c3377-341d-493a-a549-dc99b73a81e1,8004,4086,2751,2,AH36,B24,BF10,BF10,false,stiffner,G01,FR_8,"BENT - 149,999999999868",526,-,0,0,660,14146,BL02,FB60x8
534491,30b1fd0d-a130-4a94-affa-d02e0c3d9db7,7960,3074,2117,3.6,AH36,B24,BI02,BI02,false,stiffner,G01,FR_8,FLAT,715,-,0,0,674,14146,BL02,FB80x8
534500,2f94d7f7-806e-4d18-a0a6-19db9766f81e,7960,-3306,2156,3.2,AH36,B24,BI02,BI02,false,stiffner,G01,FR_8,FLAT,638,-,0,0,673,14146,BL02,FB80x8
534508,95b1d93b-bf3b-47a8-a77a-ff762ae1e9bc,7503,-4079,2751,2,AH36,B22,BF10,BF10,false,stiffner,G01,FR_7.5,"BENT - 149,999999999656",529,-,0,0,613,14146,BL02,FB60x8
534517,a036c744-51eb-4077-ad3e-264ee60e2c3f,7503,-2354,1701,5.7,AH36,B22,-,-,false,part,G01,FR_7.5,FLAT,0,-,0,0,107,14146,BL02,THK7
534527,f2e67216-682a-4e3b-83f2-0b3d687e39be,7004,-4069,2751,2,AH36,B20,BF10,BF10,false,stiffner,G01,FR_7,"BENT - 149,999999999125",533,-,0,0,564,14146,BL02,FB60x8
534537,34e51061-70d8-4136-b36d-3ea1f994ce5c,6547,3774,2320,1.6,AH36,B19,BI02,BI02,false,stiffner,G01,FR_6.5,FLAT,310,-,0,0,620,14146,BL02,FB80x8
534547,c3467fa0-6b81-4af4-a329-6c268cd4f3b2,6503,-4179,3616,8.5,AH36,B18,-,-,false,part,G01,FR_6.5,FLAT,0,-,0,0,109,14146,BL02,THK7
534556,5b9a1ca5-b6d5-4b76-912d-2044a87c0003,8503,-2552,4493,4.5,AH36,B29,BF10,BF10_67°,false,stiffner,G01,FR_8.5,BENT UNREGULAR,712,-,0,0,513,14146,BL02,FB100x8
534072,26ae6060-bb92-4b12-9948-9628dc875663,7613,4140,2513,283.8,AH36,D01,-,-,false,part,G01,SHELL,BENT UNREGULAR,0,-,0,0,7004,14146,BL02,THK9
534082,82794de4-78eb-4ff6-bb21-369df53e1c50,12209,-3219,1294,4.2,AH36,B52,-,-,false,part,G01,FIN_STUCTURES,FLAT,0,-,0,0,296,14146,BL02,THK12
534092,5576ae18-bc66-4d12-b757-34be78232fd0,6047,-2564,3728,7.6,AH36,B16,BF30+30,BF30,false,stiffner,A01,FR_6,FLAT,1516,-,0,0,563,14146,BL02,FB80x8
534102,e223887b-02ff-4e1f-949a-bad3eb28bc01,8102,289,4435,72.7,AH36,B27,-,-,false,part,G01,FR_8+100,FLAT,0,-,0,0,147,14146,BL02,THK5
534113,5e3d45a5-f24c-48f4-9dc3-706cdff081ea,8480,697,1394,0.7,AH36,B28,BI02,BF30,false,stiffner,G01,FR5_8.5,FLAT,453,-,0,0,712,14146,BL02,FB40x5
534123,c0ba45f6-4d50-4625-9447-d65a0f69e06e,10807,0,4553,157.3,AH36,E05,-,-,false,part,G01,H.4550,FLAT,0,-,0,0,18,14146,BL02,THK6
534132,33928a9e-4fc1-4a26-871b-730b61ab41bf,10960,356,4436,3.8,AH36,E05,BF10,BF10,false,stiffner,G01,H.4550,FLAT,1007,-,0,0,739,14146,BL02,FB60x8
534141,fd742434-cdf1-4a7c-8d93-28ca91b23fcb,10960,-356,4436,3.8,AH36,E05,BF10,BF10,false,stiffner,G01,H.4550,FLAT,1007,-,0,0,739,14146,BL02,FB60x8
534151,c72331c5-bf8e-4496-bd11-727ebca4fcff,13496,3696,1401,0.2,AH36,*,-,-,false,part,G01,MISC,FLAT,0,-,0,0,332,14146,BL02,THK7
534160,d36fa1ee-4d33-4dfa-9fa6-7c93420d196d,5997,-3084,4659,0.2,AH36,*,-,-,false,part,G01,MISC,FLAT,0,-,0,0,327,14146,BL02,THK7
534171,30fee2b6-1a5e-4070-a020-376a7b2070bd,5997,0,1547,1.7,AH36,*,-,-,false,part,G01,MISC,FLAT,0,-,0,0,324,14146,BL02,THK7
534181,18b5bfe5-3902-4922-9d3b-0cf932fd3800,12506,3855,1858,23.7,AH36,B47,-,-,false,part,G01,FR_12.5,FLAT,0,-,0,0,237,14146,BL02,THK12
534189,ddde454f-34d4-4d00-8a6c-f0649cc8a8cf,11537,-355,558,0.3,AH36,*,-,-,false,part,G01,MISC,FLAT,0,-,0,0,312,14146,BL02,THK10
534201,61b75744-db55-4bfd-b3d2-33f0030bc50a,7014,3553,4315,2,AH36,B52,BF10,BF10,false,stiffner,G01,BOX,FLAT,530,-,0,0,885,14146,BL02,L50x50x5
534212,96e42cbe-77b4-4d5e-9186-48388bb1eeab,7976,2855,1696,0.2,AH36,*,-,-,false,part,G01,misc,FLAT,0,-,0,0,266,14146,BL02,THK10
534222,92e5935e-582b-40e8-ab5d-cfe014b7d936,13254,-4259,2948,1,AH36,D01,BI02,BI02,false,stiffner,G01,SHELL,BENT UNREGULAR,443,-,0,0,883,14146,BL02,FB60x5
534234,4bc974e3-80a9-4b80-992a-ffc81995d6fa,11754,-4256,3648,1,AH36,D02,BI02,BI02,false,stiffner,G01,SHELL,BENT UNREGULAR,443,-,0,0,870,14146,BL02,FB60x5
534243,1ad7de0f-df56-42ff-872b-60aa0492e280,8754,4235,3648,1,AH36,D02,BI02,BI02,false,stiffner,G01,SHELL,BENT UNREGULAR,443,-,0,0,864,14146,BL02,FB60x5
534251,41b7acd0-55ac-41f0-b3b9-7e2b6a32c41d,8741,4229,2948,1.1,AH36,D01,BI02,BI02,false,stiffner,G01,SHELL,BENT UNREGULAR,468,-,0,0,874,14146,BL02,FB60x5
534261,1e821152-6b1b-4bde-975e-abc79188f8b5,9754,4243,3648,1,AH36,D02,BI02,BI02,false,stiffner,G01,SHELL,BENT UNREGULAR,443,-,0,0,866,14146,BL02,FB60x5
534271,1a8df8fa-90af-4984-a70e-02023d6795d6,6047,-3846,2768,2.3,AH36,B17,BI02,BF30,false,stiffner,G01,FR_6,FLAT,463,-,0,0,586,14146,BL02,FB80x8
534279,788f2219-4f13-4e56-8800-b049aa4d52f5,6047,3846,2768,2.3,AH36,B17,BI02,BF30,false,stiffner,G01,FR_6,FLAT,463,-,0,0,586,14146,BL02,FB80x8
534289,bc6f96e0-f18b-4f4f-acfc-4c1a64bcd2fc,6047,3846,3525,5.6,AH36,B16,BF30+30,BI02,false,stiffner,A01,FR_6,FLAT,1110,-,0,0,576,14146,BL02,FB80x8
534299,3dc9ba6a-5389-4db1-9e7c-90045d9db716,10503,-2446,1405,3.5,AH36,B38,BF10,BF10,false,stiffner,G01,FR_10.5,"BENT - 149,999999999104",933,-,0,0,856,14146,BL02,FB60x8
534073,7184f2d6-152e-47c4-ba8e-03ee63bcf8d7,7226,1620,1533,325.1,AH36,D01,-,-,false,part,G01,SHELL,BENT UNREGULAR,0,-,0,0,7001,14146,BL02,THK15
534083,f7bdf3f8-46e3-455a-ac07-98d16371db18,12209,3219,1294,4.2,AH36,B52,-,-,false,part,G01,FIN_STUCTURES,FLAT,0,-,0,0,296,14146,BL02,THK12
534093,5fc6646a-092d-4858-b3f6-09e39efacc0e,12504,-784,903,24.7,AH36,B47,-,-,false,part,G01,FR_12.5,FLAT,0,-,0,0,236,14146,BL02,THK7
534103,f33602a5-5b6f-4fb5-9eca-2b325052c402,8103,216,3133,218.9,AH36,B27,-,-,false,part,G01,FR_8+100,FLAT,0,-,0,0,148,14146,BL02,THK5
534112,3a9cf6f7-8333-4084-990c-f90064860258,7004,2475,1876,2.7,AH36,B20,BF10,BF10,false,stiffner,G01,FR_7,BENT UNREGULAR,726,-,0,0,630,14146,BL02,FB60x8
534121,1dbf5c09-d70c-4326-b3d9-3f6fa09e1d4f,6496,-4137,2482,0.1,AH36,*,-,-,false,part,G01,MISC,FLAT,0,-,0,0,336,14146,BL02,THK7
534129,27abedc3-a948-4a4a-8079-88a4278ebd2f,10960,716,4436,3.8,AH36,E05,BF10,BF10,false,stiffner,G01,H.4550,FLAT,1007,-,0,0,739,14146,BL02,FB60x8
534138,aafc0ca0-963b-451d-b2ca-821b294d3c7c,11001,-1076,4509,7.1,AH36,E05,-,-,false,part,G01,H.4550,FLAT,0,-,0,0,267,14146,BL02,THK7
534148,36eaed4c-0fdf-4c30-8d6c-617e732afd02,13496,-1146,436,0.2,AH36,*,-,-,false,part,G01,MISC,FLAT,0,-,0,0,333,14146,BL02,THK7
534158,0c38c653-c259-42fb-bc59-64c7765d918e,10423,-2129,4668,0.1,AH36,*,-,-,false,part,G01,MISC,FLAT,0,-,0,0,328,14146,BL02,THK7
534168,1c5f1a5a-9c3e-4434-bcc6-55c4e475e0a9,5996,3786,4633,0.2,AH36,*,-,-,false,part,G01,MISC,FLAT,0,-,0,0,325,14146,BL02,THK7
534177,c532c554-ec47-4c1a-9009-5946747dfc10,13503,-3341,1792,94.3,AH36,B50,-,-,false,part,G01,FR_13.5,FLAT,0,-,0,0,227,14146,BL02,THK7
534187,91cf2e0c-9efd-4c03-8334-f628462b1ea2,12796,-3180,1147,285.9,AH36,D01,-,-,false,part,G01,SHELL,BENT UNREGULAR,0,-,0,0,7006,14146,BL02,THK15
534195,f9398ef1-5c22-4aa7-9a19-1e8a1be74fc5,6497,2877,1915,0.2,AH36,*,-,-,false,part,G01,MISC,FLAT,0,-,0,0,317,14146,BL02,THK7
534205,f3c09751-d337-48ee-bb97-505a613a8039,11977,-355,857,0.2,AH36,*,-,-,false,part,G01,MISC,FLAT,0,-,0,0,313,14146,BL02,THK10
534214,857ae825-1f4e-487e-a4e9-d4bf863de27f,7754,-4227,3718,1,AH36,D02,BI02,BI02,false,stiffner,G01,SHELL,BENT UNREGULAR,443,-,0,0,862,14146,BL02,FB60x5
534224,101bec8c-1097-4725-be09-9aac52bf46d3,12254,-4254,2948,1,AH36,D01,BI02,BI02,false,stiffner,G01,SHELL,BENT UNREGULAR,443,-,0,0,881,14146,BL02,FB60x5
534074,bc2c4d8d-c52a-4008-ac52-51c0df5d4825,12504,2391,1282,4.6,AH36,B47,BF10,BF10,false,stiffner,G01,FR_12.5,"BENT - 150,000000000092",1218,-,0,0,790,14146,BL02,FB60x8
534085,de435390-6e01-4466-9dba-cd0fbba2465a,6047,-2564,2086,1.6,AH36,B17,BI02,BF30,false,stiffner,G01,FR_6,FLAT,327,-,0,0,657,14146,BL02,FB80x8
534096,9c3676f3-2cc7-4adf-823d-4d5903ae0f95,10731,-2156,4559,67.7,AH36,B51,-,-,false,part,G01,LONG_2160SB,FLAT,0,-,0,0,262,14146,BL02,THK8
534106,1f718f90-73ff-4486-bb45-8162cedce590,6004,3350,3687,134.4,AH36,B16,-,-,false,part,A02,FR_6,FLAT,0,-,0,0,72,14146,BL02,THK7
534116,209415da-c261-4666-bf64-c576dc5927e9,7003,3275,2036,3.3,AH36,B20,BF10,BF10,false,stiffner,G01,FR_7,"BENT - 200,000000000554",875,-,0,0,851,14146,BL02,FB60x8
534128,cd0f59d4-24c3-4c53-81e2-d3c43ffac30e,10960,1796,4436,3.8,AH36,E05,BF10,BF10,false,stiffner,G01,H.4550,FLAT,1007,-,0,0,739,14146,BL02,FB60x8
534139,36349e8e-c912-4a56-ae1d-4b0aed9af425,11001,-1436,4509,7.1,AH36,E05,-,-,false,part,G01,H.4550,FLAT,0,-,0,0,267,14146,BL02,THK7
534150,3c354b14-2f40-4160-9f77-cd4e0f38061f,13497,-3696,1401,0.2,AH36,*,-,-,false,part,G01,MISC,FLAT,0,-,0,0,332,14146,BL02,THK7
534163,e687f982-9863-4699-87c1-739363725e1b,7497,-1013,1409,0.2,AH36,*,-,-,false,part,G01,MISC,FLAT,0,-,0,0,132,14146,BL02,THK7
534173,c0c10b73-b5ee-4cc5-a264-f6c8cd4d563f,5997,-2597,1925,0.2,AH36,*,-,-,false,part,G01,MISC,FLAT,0,-,0,0,127,14146,BL02,THK7
534184,8b57f318-f579-4a16-ad6a-e321f5f3ed65,11996,3723,1592,0.2,AH36,*,-,-,false,part,G01,MISC,FLAT,0,-,0,0,321,14146,BL02,THK7
534196,767f69d2-f0f0-4389-aed5-8e226217373b,11996,-2875,1130,0.2,AH36,*,-,-,false,part,G01,MISC,FLAT,0,-,0,0,319,14146,BL02,THK7
534206,0ae966c9-35b5-4635-83cd-cde398880a77,11763,-345,696,15.4,AH36,B45,-,-,false,part,G01,SEACHEST,FLAT,0,-,0,0,226,14146,BL02,THK10
534216,a97337c0-2af9-41f1-96d2-e83da047f267,7254,-4223,3718,1,AH36,D02,BI02,BI02,false,stiffner,G01,SHELL,BENT UNREGULAR,443,-,0,0,579,14146,BL02,FB60x5
534226,1ecc86f4-d86a-484b-ad24-63da133cbca2,11254,-4248,2948,1,AH36,D01,BI02,BI02,false,stiffner,G01,SHELL,BENT UNREGULAR,443,-,0,0,879,14146,BL02,FB60x5
534236,63693eef-cdf2-49bb-98a4-1d051f57d4fa,10254,-4246,3648,1,AH36,D02,BI02,BI02,false,stiffner,G01,SHELL,BENT UNREGULAR,443,-,0,0,867,14146,BL02,FB60x5
534247,18b9e9ac-4f2a-45b3-9729-6d7888256c22,10254,4235,2948,1,AH36,D01,BI02,BI02,false,stiffner,G01,SHELL,BENT UNREGULAR,443,-,0,0,877,14146,BL02,FB60x5
534259,d4d804f8-7981-4be5-b66b-9221e6b88077,11754,4256,3648,1,AH36,D02,BI02,BI02,false,stiffner,G01,SHELL,BENT UNREGULAR,443,-,0,0,870,14146,BL02,FB60x5
534269,ebebaab7-2baa-475f-8b6c-ee9ec6eab39d,6047,-2846,2768,2.3,AH36,B17,BI02,BF30,false,stiffner,G01,FR_6,FLAT,463,-,0,0,590,14146,BL02,FB80x8
534280,721aa501-cba3-4dbe-bf6e-a06fc7a2d9de,6047,3641,2312,1.6,AH36,B17,BI02,BI02,false,stiffner,G01,FR_6,FLAT,326,-,0,0,858,14146,BL02,FB80x8
534293,b92b6afb-d1c8-48a8-b8a2-a6fbfceb7ad0,6047,4096,3525,5.6,AH36,B16,BF30+30,BI02,false,stiffner,A01,FR_6,FLAT,1110,-,0,0,576,14146,BL02,FB80x8
534304,562c4601-418b-4cc9-9b41-601a56b36e27,8078,-802,4266,0.8,AH36,B27,BF30,BF30,false,stiffner,G01,FR_8+100,FLAT,468,-,0,0,852,14146,BL02,FB45x5
534316,ff43a544-4e29-487b-99d7-f14378c4a27e,12238,-3469,1511,6,AH36,B52,BF10,BF10+50,false,stiffner,G01,FIN_STUCTURES,"BENT - 150,000000001426",570,-,0,0,843,14146,BL02,FB90x15
534326,0c71d734-fdc5-4269-82a0-4ad25f52c3ba,5950,0,2364,48.2,AH36,B17,BF10,BF10,false,stiffner,G01,FR_6,FLAT,5120,-,0,0,652,14146,BL02,FB100x12
534336,94473cb4-9c2a-4813-b620-258f134139e4,12238,3469,1511,6,AH36,B52,BF10,BF10+50,false,stiffner,G01,FIN_STUCTURES,"BENT - 150,000000001426",570,-,0,0,843,14146,BL02,FB90x15
534347,74af82ec-5777-4d78-83f9-3873c3597665,12250,3772,1647,5,AH36,B52,-,-,false,part,G01,FIN_STUCTURES,FLAT,0,-,0,0,292,14146,BL02,THK12
534361,a2d69c0a-7497-4f22-aaf3-f08ee811e87f,13620,-4005,2842,1.8,AH36,E06,BL01,BF10+50,false,stiffner,G01,H_2860,"BENT - 20,000000000019",480,-,0,0,842,14146,BL02,FB60x8
534373,b9878a11-593d-4257-89aa-cf91f2b900d8,13449,-347,2010,2.3,AH36,B50,-,-,false,part,G01,FR_13.5,FLAT,0,-,0,0,289,14146,BL02,THK6
534383,14fd4f71-1a4b-4d34-a3d0-727a6eaab6df,13460,3067,2630,2.8,AH36,B50,BF30,BF30,false,stiffner,G01,FR_13.5,FLAT,740,-,0,0,835,14146,BL02,FB80x6
534395,f4213778-0e15-49b5-bd08-ff47cc418cd9,13455,3486,1525,13.5,AH36,B50,BF30,BF30,false,stiffner,G01,FR_13.5,"BENT - 149,999999999785",1588,-,0,0,839,14146,BL02,FB90x12
534406,ce713a71-6931-4f4b-8aff-3d0bea4cdf35,13425,0,2255,66.4,AH36,B50,-,-,false,part,G01,FR_13.5,FLAT,0,-,0,0,278,14146,BL02,THK10
534416,815c8acd-347e-42c9-b09c-5a6354d9c575,13455,-3486,1525,13.5,AH36,B50,BF30,BF30,false,stiffner,G01,FR_13.5,"BENT - 149,999999999785",1588,-,0,0,839,14146,BL02,FB90x12
534427,81387689-18a9-4f00-bfd8-f79ece5c61e2,13507,-3318,4529,1.8,AH36,*,-,-,false,part,G01,MISC,FLAT,0,-,0,0,269,14146,BL02,THK5
534438,0732654b-37ae-4fd5-8a6e-143b3d05bb10,13460,3540,3798,6.2,AH36,B53,BF30+30,BI02,false,stiffner,G01,FR_13.5,FLAT,1656,-,0,0,829,14146,BL02,FB80x6
534450,811449d9-85ba-4862-b12c-2149e5d00a59,13507,10,4522,1.9,AH36,*,-,-,false,part,G01,MISC,FLAT,0,-,0,0,270,14146,BL02,THK5
534462,d3acbdbf-2feb-43a6-acfe-0e22a457d39a,13460,-3540,3798,6.2,AH36,B53,BF30+30,BI02,false,stiffner,G01,FR_13.5,FLAT,1656,-,0,0,829,14146,BL02,FB80x6
534474,3bfd7e32-db7e-4f8f-b552-2af21ab8506d,7253,-3516,2411,1.7,AH36,B52,BF10,BF10,false,stiffner,G01,LONG_3546,"BENT - 79,999999998155",460,-,0,0,691,14146,BL02,FB60x8
534484,591446bc-92a6-4b3a-916c-3ff727b7f264,7997,3832,2068,0.2,AH36,*,-,-,false,part,G01,MISC,FLAT,0,-,0,0,135,14146,BL02,THK7
534494,0c158231-c4ec-4886-bf49-22265cf107e3,8003,3115,2096,58.3,AH36,B24,-,-,false,part,G01,FR_8,FLAT,0,-,0,0,119,14146,BL02,THK7
534075,8f2530ad-bcf9-454f-a157-b85819b14e5b,11945,4241,2558,195.8,AH36,D01,-,-,false,part,G01,SHELL,BENT UNREGULAR,0,-,0,0,7007,14146,BL02,THK9
534084,f165442e-37a3-4b36-81de-86cdde2590a3,10320,3776,2255,4.5,AH36,E02,-,-,false,part,G01,H.2250,FLAT,0,-,0,0,8,14146,BL02,THK10
534094,62a95da7-ada1-448f-af3e-7bf621f7c28d,12504,784,903,24.7,AH36,B47,-,-,false,part,G01,FR_12.5,FLAT,0,-,0,0,236,14146,BL02,THK7
534104,a82c3e5e-2c99-4112-8439-d4c8632ea17d,13503,0,1128,367.4,AH36,B50,-,-,false,part,G01,FR_13.5,FLAT,0,-,0,0,276,14146,BL02,THK7
534114,701e4ba6-a2a0-4f16-8db8-55a1bc579943,7004,2474,2112,2.7,AH36,B20,BF10,BF10,false,stiffner,G01,FR_7,"BENT - 100,000000000299",720,-,0,0,633,14146,BL02,FB60x8
534124,42f6eba4-d22d-4830-8135-13596e6dd847,11001,356,4509,7.1,AH36,E05,-,-,false,part,G01,H.4550,FLAT,0,-,0,0,267,14146,BL02,THK7
534133,a5556d84-43a4-4306-957e-b0c36f9c26f4,10960,-1076,4436,3.8,AH36,E05,BF10,BF10,false,stiffner,G01,H.4550,FLAT,1007,-,0,0,739,14146,BL02,FB60x8
534144,cff6b4a4-2eed-4d6a-bb4b-8ab5bc85afd9,11001,-356,4509,7.1,AH36,E05,-,-,false,part,G01,H.4550,FLAT,0,-,0,0,267,14146,BL02,THK7
534154,f16d1ff5-9817-47bb-ae0f-4f8ec6ebe8ad,11995,-1013,613,0.3,AH36,*,-,-,false,part,G01,MISC,FLAT,0,-,0,0,330,14146,BL02,THK10
534162,98d206d2-84e5-4a1d-9154-2632e0c6e88b,5997,3799,4362,0.2,AH36,*,-,-,false,part,G01,MISC,FLAT,0,-,0,0,326,14146,BL02,THK7
534172,8522ee4a-26b4-469c-98f5-581be6dfd302,5997,-3772,2199,0.2,AH36,*,-,-,false,part,G01,MISC,FLAT,0,-,0,0,322,14146,BL02,THK7
534182,edb408d8-ee55-436f-a321-17dd68fa8361,12506,-3855,1858,23.7,AH36,B47,-,-,false,part,G01,FR_12.5,FLAT,0,-,0,0,237,14146,BL02,THK12
534192,adb9a4e4-c8fb-4e31-9fdb-63fa8233b9dd,11976,-355,482,0.2,AH36,*,-,-,false,part,G01,MISC,FLAT,0,-,0,0,311,14146,BL02,THK10
534202,db7b0aba-485e-441b-bb4a-db7302ab3835,7013,3038,4064,3.9,AH36,B52,BF10,BF10,false,stiffner,G01,BOX,FLAT,1057,-,0,0,884,14146,BL02,L50x50x5
534211,f6d77e09-53d8-46f2-9535-6cd2a5052193,10015,3647,1738,103.3,AH36,D01,-,-,false,part,G01,SHELL,BENT UNREGULAR,0,-,0,0,7005,14146,BL02,THK15
534223,81dd046c-200e-43b0-b610-f2e465db8d1d,10254,-4235,2948,1,AH36,D01,BI02,BI02,false,stiffner,G01,SHELL,BENT UNREGULAR,443,-,0,0,877,14146,BL02,FB60x5
534233,fc4533d2-96d9-45a9-bb69-c0d7fc6d3f3d,11254,-4253,3648,1,AH36,D02,BI02,BI02,false,stiffner,G01,SHELL,BENT UNREGULAR,443,-,0,0,869,14146,BL02,FB60x5
534077,441081e5-ff6d-4922-865f-4ff8f4372429,11945,-4241,2558,195.8,AH36,D01,-,-,false,part,G01,SHELL,BENT UNREGULAR,0,-,0,0,7007,14146,BL02,THK9
534087,52747883-83a7-426a-8b95-899a09b05676,10004,-2723,4538,13.9,AH36,B34,-,-,false,part,G01,FR_10,FLAT,0,-,0,0,182,14146,BL02,THK8
534097,d10635b2-a048-445c-bd70-5ee90c108edb,6047,-3346,2768,2.3,AH36,B17,BI02,BF30,false,stiffner,G01,FR_6,FLAT,463,-,0,0,588,14146,BL02,FB80x8
534108,3be08d02-9a51-41a7-bfa3-51b53a5e8fdf,8480,0,1623,3.2,AH36,B28,BI02,BI02,false,stiffner,G01,FR_8.5,FLAT,2030,-,0,0,710,14146,BL02,FB40x5
534118,332ecb74-fe86-4aeb-89db-2f2d02107bb7,7003,3396,2339,4.4,AH36,B20,BF10,BF10,false,stiffner,G01,FR_7,"BENT - 100,00000000032",1167,-,0,0,632,14146,BL02,FB60x8
534130,a3590a70-8150-44d6-857a-7720529b674f,10960,1436,4436,3.8,AH36,E05,BF10,BF10,false,stiffner,G01,H.4550,FLAT,1007,-,0,0,739,14146,BL02,FB60x8
534143,8141653c-290d-407f-bf38-72a17ce59768,10960,-716,4436,3.8,AH36,E05,BF10,BF10,false,stiffner,G01,H.4550,FLAT,1007,-,0,0,739,14146,BL02,FB60x8
534153,25356b28-4751-49f2-a4e6-44dff34291f7,13497,-2590,830,0.2,AH36,*,-,-,false,part,G01,MISC,FLAT,0,-,0,0,331,14146,BL02,THK7
534164,88e34ad5-4d35-473e-b2d2-719124b75086,5997,-3799,4362,0.2,AH36,*,-,-,false,part,G01,MISC,FLAT,0,-,0,0,326,14146,BL02,THK7
534175,9e8eac34-b83d-4dd5-868e-415ba6571816,5997,-1144,1690,0.2,AH36,*,-,-,false,part,G01,MISC,FLAT,0,-,0,0,125,14146,BL02,THK7
534186,4c31d40a-2bef-4b8a-8fb1-6ae1d756c9d5,12003,-3385,1814,56.8,AH36,B44,-,-,false,part,G01,FR_12,FLAT,0,-,0,0,222,14146,BL02,THK7
534197,a01a48c9-3022-42db-b516-361214f7b6c2,11996,-4177,2224,0.2,AH36,*,-,-,false,part,G01,MISC,FLAT,0,-,0,0,318,14146,BL02,THK7
534207,faef7acf-3fc0-437a-a0fd-68436791d997,11533,355,857,0.2,AH36,*,-,-,false,part,G01,MISC,FLAT,0,-,0,0,313,14146,BL02,THK10
534220,0a96802f-1ec5-41ca-ad67-7d81c894a128,6754,-4218,3718,1,AH36,D02,BI02,BI02,false,stiffner,G01,SHELL,BENT UNREGULAR,443,-,0,0,578,14146,BL02,FB60x5
534231,eb44e05b-ee82-44d4-9a40-e83c70f3d003,12754,-4261,3648,1,AH36,D02,BI02,BI02,false,stiffner,G01,SHELL,BENT UNREGULAR,443,-,0,0,872,14146,BL02,FB60x5
534242,a440b519-4717-46f2-beb3-80941ff14d37,7254,4223,3718,1,AH36,D02,BI02,BI02,false,stiffner,G01,SHELL,BENT UNREGULAR,443,-,0,0,579,14146,BL02,FB60x5
534253,5a1ae883-2b21-4456-8c09-e318cb52e147,9754,4232,2948,1,AH36,D01,BI02,BI02,false,stiffner,G01,SHELL,BENT UNREGULAR,443,-,0,0,876,14146,BL02,FB60x5
534265,0a25af63-52e4-4f80-98dc-d8bbd7307dd6,6047,-3096,2244,2.3,AH36,B17,BI02,BI02,false,stiffner,G01,FR_6,FLAT,461,-,0,0,860,14146,BL02,FB80x8
534274,5917665b-34ab-46ad-b0d1-d0cf5faced81,6047,3096,2768,2.3,AH36,B17,BI02,BF30,false,stiffner,G01,FR_6,FLAT,463,-,0,0,589,14146,BL02,FB80x8
534284,c0f7df05-817d-4d0d-acb6-c97dd6634a1a,6047,-3346,3716,7.5,AH36,B16,BF30+30,BI02,false,stiffner,A01,FR_6,FLAT,1491,-,0,0,577,14146,BL02,FB80x8
534296,29b72fc7-220d-4361-b9b7-724bc62dfe9f,6047,3866,4104,3.5,AH36,B16,BF30,BI02,false,stiffner,A01,FR_6,FLAT,697,-,0,0,861,14146,BL02,FB80x8
534307,a594acbd-f5e2-4a59-be42-0bdff1f3a972,10503,-1487,1078,4,AH36,B38,BF10,BF10,false,stiffner,G01,FR_10.5,"BENT - 149,999999999665",1055,-,0,0,850,14146,BL02,FB60x8
534317,95f99c4a-d7cc-4b98-857d-26a72f1fda2b,12792,-3496,1384,6.1,AH36,B52,-,-,false,part,G01,FIN_STUCTURES,FLAT,0,-,0,0,295,14146,BL02,THK12
534327,d811d9d4-3174-4787-85a2-cad497adce51,6996,2845,2149,91.4,AH36,B13,-,-,false,part,G01,LONG_2850PS,FLAT,0,-,0,0,64,14146,BL02,THK10
534338,97d670fa-07a2-4504-ab1c-0e86115ed1bb,12828,3493,1453,5.2,AH36,B52,BF10+50,BF10,false,stiffner,G01,FIN_STUCTURES,BENT UNREGULAR,492,-,0,0,845,14146,BL02,FB90x15
534348,5ca936c4-bfdb-4c62-9c45-3e87e2bd13e9,9004,-599,1193,5.9,AH36,B31,BF10,BF10,false,stiffner,G01,FR_9,"BENT - 149,99999999979",1173,-,0,0,806,14146,BL02,FB80x8
534363,99648ecf-eb7c-4a5c-be7c-1ee2e47acd2a,13588,-4111,2858,3.5,AH36,E06,-,-,false,part,G01,H_2860,FLAT,0,-,0,0,291,14146,BL02,THK7
534375,f9aef43d-7a16-4e3f-87fd-70d2257c0295,13457,-1337,1429,6.8,AH36,B50,-,-,false,part,G01,FR_13.5,FLAT,0,-,0,0,287,14146,BL02,THK6
534386,c1fb27ab-004d-4796-8efe-d7a016c34d51,13460,4040,2630,2.8,AH36,B50,BF30,BF30,false,stiffner,G01,FR_13.5,FLAT,740,-,0,0,835,14146,BL02,FB80x6
534397,1f1fc07f-f7f7-4866-98a7-ce3ff5bdfb33,13453,-1337,2598,3.1,AH36,B50,-,-,false,part,G01,FR_13.5,FLAT,0,-,0,0,284,14146,BL02,THK6
534407,5311cdd6-7ab1-42ac-87df-126ead6aa39d,12668,3064,2205,9.9,AH36,E02,BF30,BF30,false,stiffner,G01,H.2250,FLAT,1163,-,0,0,504,14146,BL02,FB90x12
534078,08c997f3-33cb-4315-8221-f996354bed34,10004,-4182,2457,186.6,AH36,D01,-,-,false,part,G01,SHELL,BENT UNREGULAR,0,-,0,0,7011,14146,BL02,THK15
534088,3abc60c0-0806-4f3c-9949-fa84d4effdb2,10004,2723,4538,13.9,AH36,B34,-,-,false,part,G01,FR_10,FLAT,0,-,0,0,182,14146,BL02,THK8
534098,5a0f38bb-d8f9-481c-9e4c-32031287998e,11493,1045,1201,350.6,AH36,B03,-,-,false,part,G01,LONG_1050,FLAT,0,-,0,0,32,14146,BL02,THK10
534110,aebb449e-ef91-42dc-9888-e0ae99f5a24c,8480,0,2078,3.2,AH36,B28,BI02,BI02,false,stiffner,G01,FR_8.5,FLAT,2030,-,0,0,887,14146,BL02,FB40x5
534122,3dc2694c-91a9-4348-9905-b0b1edd2f579,10004,-3745,4551,3.2,AH36,B34,BF10,BF10,false,stiffner,G01,FR_10,"BENT - 149,999999998909",855,-,0,0,889,14146,BL02,FB60x8
534135,2102a3da-e213-48a2-afac-0bd19943f22b,11001,716,4509,7.1,AH36,E05,-,-,false,part,G01,H.4550,FLAT,0,-,0,0,267,14146,BL02,THK7
534145,c34cd109-2f97-4dfc-8e39-8e97826a0838,8004,-2110,4593,13.1,AH36,B25,-,-,false,part,G01,FR_8,FLAT,0,-,0,0,142,14146,BL02,THK7
534156,7fc01667-b99b-4b1a-b366-0494c5176f7c,11995,1013,613,0.3,AH36,*,-,-,false,part,G01,MISC,FLAT,0,-,0,0,330,14146,BL02,THK10
534167,39984de7-893c-4b81-a356-bf732a3ed69d,5996,-3935,4225,0.2,AH36,*,-,-,false,part,G01,MISC,FLAT,0,-,0,0,323,14146,BL02,THK7
534178,c8dbab75-c2d8-42ed-9ecf-82d27916a2b0,13503,3341,1792,94.3,AH36,B50,-,-,false,part,G01,FR_13.5,FLAT,0,-,0,0,227,14146,BL02,THK7
534190,78de048c-10eb-44b9-a97b-e9bda15a1a15,12837,-4062,1890,248.6,AH36,D01,-,-,false,part,G01,SHELL,BENT UNREGULAR,0,-,0,0,7012,14146,BL02,THK15
534204,197653ad-f3ab-4318-a7e8-0f23e6ec9d07,10042,-3285,4639,0.2,AH36,*,-,-,false,part,G01,MISC,FLAT,0,-,0,0,314,14146,BL02,THK6
534215,4260f2d3-1833-4708-bf96-340b0739a4e3,8254,-4232,3718,1,AH36,D02,BI02,BI02,false,stiffner,G01,SHELL,BENT UNREGULAR,443,-,0,0,863,14146,BL02,FB60x5
534225,a90aff67-efd5-4ebf-be5b-045eb7bfc351,11754,-4251,2948,1,AH36,D01,BI02,BI02,false,stiffner,G01,SHELL,BENT UNREGULAR,443,-,0,0,880,14146,BL02,FB60x5
534241,921a4add-3ff6-4570-aa16-dd384ce3226b,9754,-4243,3648,1,AH36,D02,BI02,BI02,false,stiffner,G01,SHELL,BENT UNREGULAR,443,-,0,0,866,14146,BL02,FB60x5
534232,efb28cb1-756f-4cca-8f21-0f6474e18176,10754,-4249,3648,1,AH36,D02,BI02,BI02,false,stiffner,G01,SHELL,BENT UNREGULAR,443,-,0,0,868,14146,BL02,FB60x5
534240,cb6c18f1-8f34-4c5d-b88b-ed2c4e4461de,6754,4218,3718,1,AH36,D02,BI02,BI02,false,stiffner,G01,SHELL,BENT UNREGULAR,443,-,0,0,578,14146,BL02,FB60x5
534249,454209d7-061d-41f7-b958-5a96acf5a82c,11754,4251,2948,1,AH36,D01,BI02,BI02,false,stiffner,G01,SHELL,BENT UNREGULAR,443,-,0,0,880,14146,BL02,FB60x5
534258,f09ad03c-ef5b-4fbb-baef-b0e577790fec,10254,4246,3648,1,AH36,D02,BI02,BI02,false,stiffner,G01,SHELL,BENT UNREGULAR,443,-,0,0,867,14146,BL02,FB60x5
534268,2d2e48bc-b132-41d4-a31b-77c67f4eb350,6047,-3096,2768,2.3,AH36,B17,BI02,BF30,false,stiffner,G01,FR_6,FLAT,463,-,0,0,589,14146,BL02,FB80x8
534278,e31d01dc-2c19-4b03-9300-29d5be721555,6047,3641,2768,2.3,AH36,B17,BI02,BF30,false,stiffner,G01,FR_6,FLAT,463,-,0,0,587,14146,BL02,FB80x8
534288,5f6ade1b-b42e-457b-9f25-38bdd386bd19,6047,-3846,3639,6.7,AH36,B16,BF30+30,BI02,false,stiffner,A01,FR_6,FLAT,1338,-,0,0,574,14146,BL02,FB80x8
534297,725f4d31-1ae1-42ce-ae26-7e9928994592,6803,3513,4388,49.1,AH36,B53,-,-,false,part,G01,BOX,FLAT,0,-,0,0,309,14146,BL02,THK7
534306,c59add1a-fa22-4d3a-8fb2-2921b998a0ee,7004,-4186,3604,8.3,AH36,B21,-,-,false,part,G01,FR_7,FLAT,0,-,0,0,308,14146,BL02,THK7
534315,7e8dcf61-0563-4720-9235-5e18f23488d8,12828,-3493,1453,5.2,AH36,B52,BF10+50,BF10,false,stiffner,G01,FIN_STUCTURES,BENT UNREGULAR,492,-,0,0,845,14146,BL02,FB90x15
534244,e55b8755-4267-45aa-9d88-ddf05de83701,10754,4245,2948,1,AH36,D01,BI02,BI02,false,stiffner,G01,SHELL,BENT UNREGULAR,443,-,0,0,878,14146,BL02,FB60x5
534254,57159ae8-c764-42b9-9530-c13890c203ab,13254,4263,3648,1,AH36,D02,BI02,BI02,false,stiffner,G01,SHELL,BENT UNREGULAR,443,-,0,0,873,14146,BL02,FB60x5
534262,ac2e2aa3-0d9f-4a3c-a7f0-f3ecf687d00f,6254,4213,3718,1,AH36,D02,BI02,BI02,false,stiffner,G01,SHELL,BENT UNREGULAR,443,-,0,0,575,14146,BL02,FB60x5
534272,350db8d0-b509-4e4f-a080-706f536a47cb,6047,-4096,2768,2.3,AH36,B17,BI02,BF30,false,stiffner,G01,FR_6,FLAT,463,-,0,0,585,14146,BL02,FB80x8
534282,0e9c0905-af0f-467b-9e38-c1f7b587942a,6047,4096,2768,2.3,AH36,B17,BI02,BF30,false,stiffner,G01,FR_6,FLAT,463,-,0,0,585,14146,BL02,FB80x8
534291,c9693a0b-842d-4c26-b3e0-a9cb3204b1f0,6047,3096,3525,5.6,AH36,B16,BF30+30,BI02,false,stiffner,A01,FR_6,FLAT,1110,-,0,0,576,14146,BL02,FB80x8
534303,fb3f8450-5ab0-4137-81a8-9ed5cde629c3,8078,-302,4268,0.8,AH36,B27,BF30,BF30,false,stiffner,G01,FR_8+100,FLAT,471,-,0,0,855,14146,BL02,FB45x5
534312,e95ec029-da64-4aae-b4d1-a3a92f33bbcd,12744,-2981,1144,6.5,AH36,B52,-,-,false,part,G01,FIN_STUCTURES,FLAT,0,-,0,0,299,14146,BL02,THK12
534322,300c8476-651e-4a13-a86f-5594b9a651f8,13230,-3240,1247,3.8,AH36,B52,BF10,BF10,false,stiffner,G01,FIN_STUCTURES,"BENT - 149,999999999989",360,-,0,0,848,14146,BL02,FB90x15
534332,883fe5b5-7bdb-4180-a826-fc17de256a8b,12281,3730,1690,3.9,AH36,B52,BF10,BF10,false,stiffner,G01,FIN_STUCTURES,BENT UNREGULAR,371,-,0,0,653,14146,BL02,FB90x15
534252,c1df557d-e663-48d0-8563-36f377eacd78,11254,4248,2948,1,AH36,D01,BI02,BI02,false,stiffner,G01,SHELL,BENT UNREGULAR,443,-,0,0,879,14146,BL02,FB60x5
534263,30620929-8e8b-455b-ab1b-2bfcdd063b18,9254,4239,3648,1,AH36,D02,BI02,BI02,false,stiffner,G01,SHELL,BENT UNREGULAR,443,-,0,0,865,14146,BL02,FB60x5
534275,25e3ab35-76e2-4cb9-9995-bb9d82142dac,6047,2846,2768,2.3,AH36,B17,BI02,BF30,false,stiffner,G01,FR_6,FLAT,463,-,0,0,590,14146,BL02,FB80x8
534286,12de3517-c503-4928-8ab8-5298f156356e,6047,-3096,3716,7.5,AH36,B16,BF30+30,BI02,false,stiffner,A01,FR_6,FLAT,1491,-,0,0,577,14146,BL02,FB80x8
534298,7ab57586-5847-4895-88bf-2a111f48516b,6804,3038,4104,83.8,AH36,B53,-,-,false,part,G01,BOX,FLAT,0,-,0,0,310,14146,BL02,THK7
534308,8f58f82c-7bec-44eb-8369-a8116136e730,12288,-2976,1199,6.1,AH36,B52,-,-,false,part,G01,FIN_STUCTURES,FLAT,0,-,0,0,300,14146,BL02,THK12
534319,952aea30-990f-4f4a-b86c-41fb970f4366,12234,-3185,1346,2.9,AH36,B52,BF10,BF10+50,false,stiffner,G01,FIN_STUCTURES,"BENT - 150,000000001162",276,-,0,0,655,14146,BL02,FB90x15
534331,78f7afb9-1711-4394-8722-f834bff2ecb2,12288,2976,1199,6.1,AH36,B52,-,-,false,part,G01,FIN_STUCTURES,FLAT,0,-,0,0,300,14146,BL02,THK12
534343,88de581b-e123-4eb8-9b79-2230700fbb46,12803,3253,1232,3.8,AH36,B52,-,-,false,part,G01,FIN_STUCTURES,FLAT,0,-,0,0,297,14146,BL02,THK12
534356,0e6d3c26-9e7e-4d31-bc0e-2b3e7748f58d,10503,1461,1008,6.4,AH36,B38,-,-,false,part,G01,FR_10.5,FLAT,0,-,0,0,194,14146,BL02,THK7
534366,6b6162e5-031f-465a-92bb-21e512f27dd6,13449,347,2010,2.3,AH36,B50,-,-,false,part,G01,FR_13.5,FLAT,0,-,0,0,289,14146,BL02,THK6
534309,4b7aa71f-9fe6-4942-8843-4790e4a3e262,12757,-3724,1632,4.4,AH36,B52,BF10,BF10,false,stiffner,G01,FIN_STUCTURES,BENT UNREGULAR,420,-,0,0,654,14146,BL02,FB90x15
534320,cb44b7e2-269b-4507-8089-fa6e6066cc86,12803,-3253,1232,3.8,AH36,B52,-,-,false,part,G01,FIN_STUCTURES,FLAT,0,-,0,0,297,14146,BL02,THK12
534329,e71df86d-2268-45dc-a89d-01aced0a5c8f,12757,3724,1632,4.4,AH36,B52,BF10,BF10,false,stiffner,G01,FIN_STUCTURES,BENT UNREGULAR,420,-,0,0,654,14146,BL02,FB90x15
534340,832c8fd6-0bc6-4a2a-b297-aba741d58249,12234,3185,1346,2.9,AH36,B52,BF10,BF10+50,false,stiffner,G01,FIN_STUCTURES,"BENT - 150,000000001162",276,-,0,0,655,14146,BL02,FB90x15
534349,69152210-3f7d-49a5-979f-1cc6cd7cb1f7,9004,599,1193,5.9,AH36,B31,BF10,BF10,false,stiffner,G01,FR_9,"BENT - 149,99999999979",1173,-,0,0,806,14146,BL02,FB80x8
534358,af1aefc3-e4ae-4fd8-ad32-d384d2003153,13460,3981,1976,2.1,AH36,B50,BF30,BI02,false,stiffner,G01,FR_13.5,FLAT,562,-,0,0,841,14146,BL02,FB80x6
534325,f67de5c4-1a1b-4c16-9301-9c0531e01746,13003,-4233,3773,10.4,AH36,B48,-,-,false,part,G01,FR_13,FLAT,0,-,0,0,307,14146,BL02,THK7
534334,4ab78691-a651-4091-a485-12b9b6171ddf,12355,3011,1263,2.5,AH36,B52,BF10,BF10+50,false,stiffner,G01,FIN_STUCTURES,"BENT - 49,9999999995479",239,-,0,0,846,14146,BL02,FB90x15
534344,597a10af-c31e-460e-b878-d5994177cda0,12003,2235,1174,19.4,AH36,B44,-,-,false,part,G01,FR_12,FLAT,0,-,0,0,223,14146,BL02,THK7
534352,3d7c62a0-466b-4236-9020-e6634c67cf09,6502,-2041,4634,4.1,AH36,B18,-,-,false,part,G01,FR_6.5,FLAT,0,-,0,0,78,14146,BL02,THK5
534360,884b5cbc-3122-46eb-94ad-819396e5dfc0,13394,0,2643,2,AH36,B50,BF10,BF10,false,stiffner,G01,FR_13.5,BENT UNREGULAR,716,-,0,0,840,14146,BL02,FB60x6
534370,97d26353-6d41-4ea3-b4e0-f68175fe1dcd,13456,2157,1535,6,AH36,B50,-,-,false,part,G01,FR_13.5,FLAT,0,-,0,0,285,14146,BL02,THK6
534380,22d994b8-5bdc-49a2-9e00-0e9c30e32e54,13453,2157,2598,3.1,AH36,B50,-,-,false,part,G01,FR_13.5,FLAT,0,-,0,0,284,14146,BL02,THK6
534390,a979f6e2-c284-4b75-9279-1e17855a4969,13456,2502,1588,5.6,AH36,B50,-,-,false,part,G01,FR_13.5,FLAT,0,-,0,0,283,14146,BL02,THK6
534399,d72f0e0b-f862-4e22-8a5e-bb7b4061b039,13460,-3067,2630,2.8,AH36,B50,BF30,BF30,false,stiffner,G01,FR_13.5,FLAT,740,-,0,0,835,14146,BL02,FB80x6
534408,f7128ef4-d8c1-44fe-bc95-5c4a9c6a24be,12668,3537,2205,9.9,AH36,E02,BF30,BF30,false,stiffner,G01,H.2250,FLAT,1163,-,0,0,504,14146,BL02,FB90x12
534417,774cafac-fee6-4fc7-9500-7ea98bea28d4,13460,0,1703,5.2,AH36,B50,BF30,BF30,false,stiffner,G01,FR_13.5,FLAT,1388,-,0,0,836,14146,BL02,FB80x6
534426,0929fb04-214d-49a1-94fe-3d55eeaf0194,13450,-3312,3705,5.6,AH36,B12,-,-,false,part,G01,LONGDEV_2560-3310SB,FLAT,0,-,0,0,273,14146,BL02,THK5
534436,ae3659de-4bee-4336-adb0-cdb7075cac4c,13460,3067,3700,5.5,AH36,B53,BF30+30,BF30,false,stiffner,G01,FR_13.5,FLAT,1460,-,0,0,831,14146,BL02,FB80x6
534345,7cafdc19-d2ea-4dde-8ae5-18d17afef78f,12003,-2235,1174,19.4,AH36,B44,-,-,false,part,G01,FR_12,FLAT,0,-,0,0,223,14146,BL02,THK7
534354,85372e33-0119-474b-8d8c-ba09786da10b,13620,4005,2842,1.8,AH36,E06,BL01,BF10+50,false,stiffner,G01,H_2860,"BENT - 20,000000000019",480,-,0,0,842,14146,BL02,FB60x8
534364,fbddd46c-17bb-4d36-8f52-0ab67bd719a5,13449,3,2010,2.3,AH36,B50,-,-,false,part,G01,FR_13.5,FLAT,0,-,0,0,289,14146,BL02,THK6
534372,191e9786-165e-41e9-8dd2-d922d428c728,13457,-1637,1465,6.5,AH36,B50,-,-,false,part,G01,FR_13.5,FLAT,0,-,0,0,286,14146,BL02,THK6
534382,94f34ff2-ed7a-466b-b8ef-cde6fe06bbfe,13460,2847,2630,2.8,AH36,B50,BF30,BF30,false,stiffner,G01,FR_13.5,FLAT,740,-,0,0,835,14146,BL02,FB80x6
534392,b7903bab-0af4-4370-9b9f-974faf157efc,13433,3537,1914,8.2,AH36,B50,-,-,false,part,G01,FR_13.5,FLAT,0,-,0,0,280,14146,BL02,THK12
534402,58681358-1f3e-4898-9989-546cb85d094a,13460,-3790,2630,2.8,AH36,B50,BF30,BF30,false,stiffner,G01,FR_13.5,FLAT,740,-,0,0,835,14146,BL02,FB80x6
534411,426bb51f-7a04-43be-b6cf-c3042d312fcb,12668,-3537,2205,9.9,AH36,E02,BF30,BF30,false,stiffner,G01,H.2250,FLAT,1163,-,0,0,504,14146,BL02,FB90x12
534422,16d0f76c-250b-49a1-9378-ddb8ec002c21,13460,-4040,2630,2.8,AH36,B50,BF30,BF30,false,stiffner,G01,FR_13.5,FLAT,740,-,0,0,835,14146,BL02,FB80x6
534432,21749de4-51f2-4b59-bf95-96b0e201d435,13460,1637,3700,5.5,AH36,B53,BF30+30,BF30,false,stiffner,G01,FR_13.5,FLAT,1460,-,0,0,831,14146,BL02,FB80x6
534443,3ba7dfaf-20b4-4190-9606-216715c1d8cb,13460,-1337,3700,5.5,AH36,B53,BF30+30,BF30,false,stiffner,G01,FR_13.5,FLAT,1460,-,0,0,831,14146,BL02,FB80x6
534453,061b05e9-66e7-4538-bcdf-f2b9e6376fa4,13397,0,3699,4.1,AH36,B02,BF10+30,BF10,false,stiffner,G01,LONG_CL,FLAT,1458,-,0,0,826,14146,BL02,FB60x6
534463,3008fd83-2f9b-45a1-b910-a0c48b761e86,13450,1659,4435,25.2,AH36,B53,BF10,BF10,false,stiffner,G01,FR_13.5,FLAT,3209,-,0,0,830,14146,BL02,FB100x10
534472,52326d61-7d62-4e41-ba9e-16c0609f3202,6745,-3516,2414,1.8,AH36,B52,BF10,BF10,false,stiffner,G01,LONG_3546,"BENT - 80,0000000008044",476,-,0,0,661,14146,BL02,FB60x8
534482,241d981b-254a-4a69-8d84-da6ede3ef602,8003,4154,2718,4,AH36,B24,-,-,false,part,G01,FR_8,FLAT,0,-,0,0,86,14146,BL02,THK7
534493,384dad1a-92ec-4d9c-a677-200b6eac1b94,7960,2960,1944,1.1,AH36,B24,BF30,BF30,false,stiffner,G01,FR_8,FLAT,220,-,0,0,635,14146,BL02,FB80x8
534503,4b5e6e70-cff6-46fc-a6d1-fa003428d1be,8003,-3230,2104,51.2,AH36,B24,-,-,false,part,G01,FR_8,FLAT,0,-,0,0,123,14146,BL02,THK7
534512,973b8450-2308-420b-b48b-9c03ed425617,7504,2274,1816,11,AH36,B22,-,-,false,part,G01,FR_7.5,FLAT,0,-,0,0,105,14146,BL02,THK7
534522,1552060a-b28f-41eb-a85b-8e076ceee71a,7004,4069,2751,2,AH36,B20,BF10,BF10,false,stiffner,G01,FR_7,"BENT - 149,999999999125",533,-,0,0,564,14146,BL02,FB60x8
534531,820c1643-dcb6-42eb-af78-7220c546bc55,6503,2506,2031,3.9,AH36,B19,BF10,BF10,false,stiffner,G01,FR_6.5,"BENT - 99,9999999996607",1034,-,0,0,612,14146,BL02,FB60x8
534541,21cd1979-f1a5-446e-8788-27208d13d2fb,6504,4132,2718,4,AH36,B19,-,-,false,part,G01,FR_6.5,FLAT,0,-,0,0,150,14146,BL02,THK7
534551,3817d684-adf6-429e-bd02-ade0d00d9720,6547,-3310,2244,2.3,AH36,B19,BI02,BI02,false,stiffner,G01,FR_6.5,FLAT,462,-,0,0,618,14146,BL02,FB80x8
534562,c58dc4d6-17f7-4806-8f18-c2ae1084f508,8504,-2549,4592,8,AH36,B29,-,-,false,part,G01,FR_8.5,FLAT,0,-,0,0,173,14146,BL02,THK7
534572,189466af-22ab-4835-92d6-0508182379af,8004,3461,4492,15,AH36,B25,-,-,false,part,G01,FR_8,FLAT,0,-,0,0,144,14146,BL02,THK7
534582,59019056-8f15-407b-a09d-a79b7e01700d,7310,-646,2255,297.6,AH36,E02,-,-,false,part,G01,H.2250,FLAT,0,-,0,0,5,14146,BL02,THK10
534592,75304a50-dc53-4cb4-a68c-55db9459f284,8064,0,3058,7.8,AH36,B27,BF10,BF10,false,stiffner,G01,FR_8+100,FLAT,2100,-,0,0,699,14146,BL02,L50x50x5
534600,f337b370-6be7-4197-aadd-f96f0558de45,8064,1944,3361,8.4,AH36,B27,BF10+30,BF10,false,stiffner,G01,FR_8+100,FLAT,2263,-,0,0,694,14146,BL02,L50x50x5
534611,3e27540a-98bb-47f6-ba98-905049a97007,10004,2740,4432,12.3,AH36,B34,BF10,BF10,false,stiffner,G01,FR_10,FLAT,1048,-,0,0,728,14146,BL02,FB100x15
534621,c847c6b0-4151-40ce-b60b-cf250e0d0caa,12004,-2735,4535,13.6,AH36,B43,-,-,false,part,G01,FR_12,FLAT,0,-,0,0,218,14146,BL02,THK8
534630,f9ff3ddf-2455-4a64-8fa0-fcdba9b08e21,11004,-2166,4432,24.7,AH36,B51,BF10,BF10,false,stiffner,G01,LONG_2160SB,BENT UNREGULAR,2100,-,0,0,820,14146,BL02,FB100x15
534639,1aaa5318-170d-4260-9859-482f8081834e,9503,-1496,1380,3.6,AH36,B33,BF10,BF10,false,stiffner,G01,FR_9.5,"BENT - 150,000000000206",962,-,0,0,813,14146,BL02,FB60x8
534647,eee29f3d-a591-4cb1-ba03-a04bdf3b4b48,9503,2352,1420,10.2,AH36,B33,-,-,false,part,G01,FR_9.5,FLAT,0,-,0,0,259,14146,BL02,THK7
534658,14566aaa-4dec-4001-b997-8f77c5343ae0,9004,-1739,1322,3.1,AH36,B31,-,-,false,part,G01,FR_9,FLAT,0,-,0,0,253,14146,BL02,THK7
534668,c56edd28-97b6-494e-9298-825ed98a9c5f,9004,3460,1860,9.2,AH36,B31,-,-,false,part,G01,FR_9,FLAT,0,-,0,0,255,14146,BL02,THK7
534679,003279e1-931a-4f98-862a-e41cf52a5162,6045,-696,3390,11.1,AH36,B16,BI02,BF30,false,stiffner,A01,FR_6,FLAT,2211,-,0,0,583,14146,BL02,FB80x8
534689,0cff1281-fe3c-461b-9958-12d0ea7e133a,10042,3285,4639,0.2,AH36,*,-,-,false,part,G01,MISC,FLAT,0,-,0,0,314,14146,BL02,THK6
534701,8f95d40b-a401-4ccb-b231-7507eed14e59,9004,3662,4343,4,AH36,B30,BF10_67°,BF10,false,stiffner,G01,FR_9,FLAT,1053,-,0,0,718,14146,BL02,FB60x8
534712,12a5ef24-4202-4dcb-92f3-66975753ece0,13004,-1430,673,8.6,AH36,B49,-,-,false,part,G01,FR_13,FLAT,0,-,0,0,246,14146,BL02,THK7
534722,5f6007e5-b98f-44ac-b528-d25c7b15db01,13004,2250,1089,21,AH36,B49,-,-,false,part,G01,FR_13,FLAT,0,-,0,0,245,14146,BL02,THK7
534732,77702142-9d62-4ed0-89a4-292b5852627d,13003,-1085,4539,5,AH36,B48,BF10,BF10,false,stiffner,G01,FR_13,"BENT - 150,00000000111",2135,-,0,0,794,14146,BL02,FB60x5
534742,feef7050-6563-425b-98bb-8a340cfc991f,12503,-1477,828,4.8,AH36,B47,BF10,BF10,false,stiffner,G01,FR_12.5,"BENT - 149,999999999669",1261,-,0,0,789,14146,BL02,FB60x8
534750,02d223c5-be19-4543-a155-6c91e2467b7d,12754,-2895,1270,11.2,AH36,B14,BF30,BF30,false,stiffner,G01,LONG_2850SB,BENT UNREGULAR,1323,-,0,0,788,14146,BL02,FB90x12
534758,aded9fe8-567e-4a09-ab36-29e1c495e58d,12502,-1085,4539,5,AH36,B46,BF10,BF10,false,stiffner,G01,FR_12.5,"BENT - 99,9999999998914",2140,-,0,0,784,14146,BL02,FB60x5
534768,28b36679-760e-4de5-9b2c-e5debc4d941a,12502,-1069,4580,7.5,AH36,B46,-,-,false,part,G01,FR_12.5,FLAT,0,-,0,0,232,14146,BL02,THK5
534778,98835e62-076b-4327-8f9b-165963b57f47,11975,695,885,2.3,AH36,B45,BF10,BF10,false,stiffner,G01,SEACHEST,FLAT,590,-,0,0,763,14146,BL02,FB50x10
534788,081da09f-a64e-4e40-abae-657e84ad9110,12004,-1476,900,4.8,AH36,B44,BF10,BF10,false,stiffner,G01,FR_12,"BENT - 150,00000000031",1262,-,0,0,773,14146,BL02,FB60x8
534798,9a6edf70-36a2-4587-a52b-e24385bd1fb7,11996,4177,2224,0.2,AH36,*,-,-,false,part,G01,MISC,FLAT,0,-,0,0,318,14146,BL02,THK7
534808,7c92dbc8-aedb-4b33-b87d-03ed02ec294b,12005,186,626,1.8,AH36,B44,BF10,BF10,false,stiffner,G01,FR_12,"BENT - 149,999999999998",354,-,0,0,770,14146,BL02,FB80x8
534818,b969c26d-e863-4786-bc41-177117bba062,12004,3752,4551,3.3,AH36,B43,BF10,BF10,false,stiffner,G01,FR_12,"BENT - 150,000000000529",869,-,0,0,767,14146,BL02,FB60x8
534828,6f72dfae-6f20-4935-ba39-84b6d182b980,11503,-3513,1684,5.7,AH36,B42,BF10,BF10,false,stiffner,G01,FR_11.5,"BENT - 149,999999999118",1515,-,0,0,758,14146,BL02,FB60x8
534836,c3974041-3a99-41e8-8fa8-1941b95d14ae,11505,-776,1330,3.4,AH36,B42,BL04,BF10,false,stiffner,G01,FR_11.5,FLAT,673,-,0,0,756,14146,BL02,FB80x8
534847,133ed5b9-eab9-41a0-add6-35c9de6b5db5,11505,776,1330,3.4,AH36,B42,BL04,BF10,false,stiffner,G01,FR_11.5,FLAT,673,-,0,0,756,14146,BL02,FB80x8
534368,236a19c3-68d9-484b-97bd-f1d2a2c5d7e4,13457,1337,1429,6.8,AH36,B50,-,-,false,part,G01,FR_13.5,FLAT,0,-,0,0,287,14146,BL02,THK6
534379,9eff26da-2062-4ef3-8690-f22dbb01a809,13453,1337,2598,3.1,AH36,B50,-,-,false,part,G01,FR_13.5,FLAT,0,-,0,0,284,14146,BL02,THK6
534389,367c94a1-d385-41a8-9920-4625cfdf2282,13438,3064,1791,10.4,AH36,B50,-,-,false,part,G01,FR_13.5,FLAT,0,-,0,0,282,14146,BL02,THK12
534398,f305a465-9d9f-494a-abba-ad02cd3eb88c,13453,-2157,2598,3.1,AH36,B50,-,-,false,part,G01,FR_13.5,FLAT,0,-,0,0,284,14146,BL02,THK6
534409,c3bd706f-8a94-463c-9000-c68b715c1a29,12669,3310,2205,9.9,AH36,E02,BF30,BF30,false,stiffner,G01,H.2250,FLAT,1163,-,0,0,504,14146,BL02,FB90x12
534418,62f80836-5f0b-4749-a607-a139087337af,13460,0,567,7.6,AH36,B50,BI02,BI02,false,stiffner,G01,FR_13.5,FLAT,2012,-,0,0,837,14146,BL02,FB80x6
534428,843c8d7f-5245-4a5d-8365-64a9a430f95f,13497,-4275,4602,0.1,AH36,*,-,-,false,part,G01,MISC,FLAT,0,-,0,0,271,14146,BL02,THK5
534437,be42e54d-f5b7-42e9-84e2-8671289712fa,13460,3790,3794,6.2,AH36,B53,BF30+30,BI02,false,stiffner,G01,FR_13.5,FLAT,1648,-,0,0,828,14146,BL02,FB80x6
534447,9d5c7395-c173-4f3d-bcc9-b6f9a6129b5e,13450,-1659,4435,25.2,AH36,B53,BF10,BF10,false,stiffner,G01,FR_13.5,FLAT,3209,-,0,0,830,14146,BL02,FB100x10
534457,f0e2cd33-072e-4092-a855-9bbd29fe2e34,12340,2156,4433,20,AH36,B10,BF10,BF10,false,stiffner,G01,LONG_2160PS,FLAT,2120,-,0,0,543,14146,BL02,FB80x15
534466,d4b3aac2-43b3-4b40-ae23-206bf08148b1,7254,3541,2454,3.3,AH36,B52,-,-,false,part,G01,LONG_3546,FLAT,0,-,0,0,162,14146,BL02,THK10
534476,00746c7f-6733-4efc-9edf-5c1eafea4dcf,8003,-4195,3604,8.3,AH36,B25,-,-,false,part,G01,FR_8,FLAT,0,-,0,0,143,14146,BL02,THK7
534486,6a3bc9f4-d1c7-422e-8474-e0346983dc55,7463,2890,1944,4.6,AH36,B13,BF30,BF30,false,stiffner,G01,LONG_2850PS,FLAT,913,-,0,0,555,14146,BL02,FB80x8
534497,b7795f4b-3d85-457f-8194-a13d18af1c65,7464,-2890,2376,4.6,AH36,B14,BF30,BF30,false,stiffner,G01,LONG_2850SB,FLAT,913,-,0,0,561,14146,BL02,FB80x8
534507,8aa80550-135d-4b58-9a70-61ac6f4b8cd2,7504,-4190,3604,8.3,AH36,B23,-,-,false,part,G01,FR_7.5,FLAT,0,-,0,0,118,14146,BL02,THK7
534516,3da17eed-e118-443e-bf07-777d3512bccf,7503,-2386,1761,3.4,AH36,B22,BF10,BF10,false,stiffner,G01,FR_7.5,"BENT - 150,000000000548",903,-,0,0,648,14146,BL02,FB60x8
534526,67c2faf4-bd46-4c4d-8c05-70cccac9ac7c,7004,-4119,3511,4.1,AH36,B21,BF10+30,BF10,false,stiffner,G01,FR_7,"BENT - 150,000000001293",1085,-,0,0,663,14146,BL02,FB60x8
534536,72e4d139-9302-4eb3-88f2-67f0b74d2b74,6547,3078,2214,2.6,AH36,B19,BI02,BI02,false,stiffner,G01,FR_6.5,FLAT,522,-,0,0,617,14146,BL02,FB80x8
534546,a60c4d3d-e141-4cef-aa00-d1d7a4a269d0,6504,-4132,2718,4,AH36,B19,-,-,false,part,G01,FR_6.5,FLAT,0,-,0,0,150,14146,BL02,THK7
534558,53dadb30-9d39-4e36-a33d-5b613d0bf9bc,8342,2177,4591,5.6,AH36,B10,-,-,false,part,G01,LONG_2160PS,FLAT,0,-,0,0,140,14146,BL02,THK8
534568,68ac4757-7331-4fa7-981a-dfd3cf93685c,7169,2210,2255,54.3,AH36,E02,-,-,false,part,G01,H.2250,FLAT,0,-,0,0,3,14146,BL02,THK10
534577,4f5e3e15-5592-4bae-bac7-4088da004da7,8064,-780,4491,5.4,AH36,B27,BF10,BF10,false,stiffner,G01,FR_8+100,FLAT,1440,-,0,0,702,14146,BL02,L50x50x5
534587,48f7d410-c605-455b-a133-74c5ca0f9a3d,8097.5,1584.889,4676.954,0.1,AH36,*,-,-,false,part,G01,MISC,FLAT,0,-,0,0,129,14146,BL02,THK5
534597,ebdecb82-9888-4fc2-bf03-0b6cba58f31f,8078,552,2648,1.5,AH36,B27,BF30+30,BF30,false,stiffner,G01,FR_8+100,FLAT,837,-,0,0,704,14146,BL02,FB45x5
534607,48271b3c-5240-4cee-a023-74f39b4bb923,8064,-1064,3364,8.5,AH36,B27,BF10+30,BF10,false,stiffner,G01,FR_8+100,FLAT,2269,-,0,0,697,14146,BL02,L50x50x5
534618,d2c5129e-42f2-4a68-b663-bfc570e12098,11004,-2735,4535,13.6,AH36,B39,-,-,false,part,G01,FR_11,FLAT,0,-,0,0,200,14146,BL02,THK8
534629,cbcb70f1-95f6-4579-9ed5-d2f99fdf9e41,10504,3314,4433,13,AH36,B11,BF10,BF10,false,stiffner,G01,LONGDEV_2560-3310PS,FLAT,1100,-,0,0,822,14146,BL02,FB100x15
534638,c5ab8a07-55c4-4e2f-9d48-74d3b01c0d5a,9503,-2352,1420,10.2,AH36,B33,-,-,false,part,G01,FR_9.5,FLAT,0,-,0,0,259,14146,BL02,THK7
534645,0072124e-56b2-4ff0-ba6b-cf54e2807f86,9503,1438,1242,12.9,AH36,B33,-,-,false,part,G01,FR_9.5,FLAT,0,-,0,0,258,14146,BL02,THK7
534656,eb1798aa-1db2-41df-9b0e-95798c65ab63,9004,-2417,1484,6.4,AH36,B31,-,-,false,part,G01,FR_9,FLAT,0,-,0,0,254,14146,BL02,THK7
534667,232bec38-1c8c-400e-af1a-95f2db09ed30,9004,1739,1322,3.1,AH36,B31,-,-,false,part,G01,FR_9,FLAT,0,-,0,0,253,14146,BL02,THK7
534677,84fea070-1435-4191-9474-d597a977691e,6045,-346,3392,11.1,AH36,B16,BI02,BF30,false,stiffner,A01,FR_6,FLAT,2213,-,0,0,584,14146,BL02,FB80x8
534686,ee7ec037-ec62-4307-8e89-bd6c9131a990,11182,0,4593,12.5,AH36,E01,-,-,false,part,G01,MAIN_DECK,FLAT,0,-,0,0,263,14146,BL02,THK5
534694,99544625-4d57-4331-9a43-584e74f85cc5,7527,-351,1757,1.5,AH36,B22,BI02,BI02,false,stiffner,G01,FR_7.5,FLAT,936,-,0,0,651,14146,BL02,FB40x5
534704,a7d991a1-99b8-4645-ad0e-8754ac614781,12504,2391,1282,4.6,AH36,B47,BF10,BF10,false,stiffner,G01,FR_12.5,"BENT - 150,000000000092",1218,-,0,0,790,14146,BL02,FB60x8
534713,aaee6c86-457b-47bf-8317-9d6fbd33fe99,13004,-793,827,22.3,AH36,B49,-,-,false,part,G01,FR_13,FLAT,0,-,0,0,247,14146,BL02,THK7
534723,8ec5f39a-3834-4d4c-bbc6-319d27997125,13003,4196,2590,5.5,AH36,B49,-,-,false,part,G01,FR_13,FLAT,0,-,0,0,244,14146,BL02,THK7
534733,70e3c19f-cc01-489d-80d3-9c9a40da084e,13003,1085,4539,5,AH36,B48,BF10,BF10,false,stiffner,G01,FR_13,"BENT - 150,000000001241",2135,-,0,0,795,14146,BL02,FB60x5
534743,c3f5de6b-4a28-470e-8c37-f571f11cf877,12504,-1429,738,8.6,AH36,B47,-,-,false,part,G01,FR_12.5,FLAT,0,-,0,0,235,14146,BL02,THK7
534754,57757093-5bb8-4835-bf22-8be0c2b170bc,12754,2895,1270,11.2,AH36,B13,BF30,BF30,false,stiffner,G01,LONG_2850PS,BENT UNREGULAR,1323,-,0,0,787,14146,BL02,FB90x12
534764,5658395b-c7bc-4240-87e6-0bc49863079a,11755,-375,885,1.9,AH36,B45,BF10,BF10,false,stiffner,G01,SEACHEST,FLAT,490,-,0,0,780,14146,BL02,FB50x10
534774,4fce96f1-1529-40c2-b7f3-57461b392630,12504,3731,4596,5.4,AH36,B46,-,-,false,part,G01,FR_12.5,FLAT,0,-,0,0,229,14146,BL02,THK7
534783,73f9582d-169b-4e21-bd03-c2bc8a04bcc3,12052,-3459,1621,12.2,AH36,B44,BF30,BF30,false,stiffner,G01,FR_12,"BENT - 150,000000000087",1442,-,0,0,774,14146,BL02,FB90x12
534792,0d821023-4362-41ac-89f3-642571c40eeb,12005,-696,897,44.4,AH36,B44,-,-,false,part,G01,FR_12,FLAT,0,-,0,0,225,14146,BL02,THK10
534802,859048eb-03c8-40ec-84fc-f8e3057d9829,12047,3067,1806,3.3,AH36,B44,BF30,BF30,false,stiffner,G01,FR_12,FLAT,888,-,0,0,775,14146,BL02,FB80x6
534811,f63b18f4-a309-4abc-89bf-9038bbdcd1ee,12004,-4163,3728,5.7,AH36,B43,BF10+30,BF10,false,stiffner,G01,FR_12,"BENT - 149,999999999597",1515,-,0,0,766,14146,BL02,FB60x8
534821,e213ab5b-4388-4ec1-ba6f-3b5f5f433b32,12003,-1071,4580,7.6,AH36,B43,-,-,false,part,G01,FR_12,FLAT,0,-,0,0,215,14146,BL02,THK5
534831,a6a0a926-2a0f-4f3b-9496-0588704814c5,11504,-2235,1212,15.9,AH36,B42,-,-,false,part,G01,FR_11.5,FLAT,0,-,0,0,213,14146,BL02,THK7
534841,1c3583f1-cc5c-44ed-9cc7-e1361f32d75f,11976,355,482,0.2,AH36,*,-,-,false,part,G01,MISC,FLAT,0,-,0,0,311,14146,BL02,THK10
534851,36385f29-e147-446f-8f6f-b862540d4c90,11503,3513,1684,5.7,AH36,B42,BF10,BF10,false,stiffner,G01,FR_11.5,"BENT - 149,999999999118",1515,-,0,0,758,14146,BL02,FB60x8
534862,b729eae5-d969-439e-8886-808c5a31339b,11504,-1086,4436,10.4,AH36,B41,BF10,BF10,false,stiffner,G01,FR_11.5,FLAT,2061,-,0,0,752,14146,BL02,FB80x8
534872,e588986d-39b6-4802-9b7a-750b6ea4a7e1,11504,1086,4436,10.4,AH36,B41,BF10,BF10,false,stiffner,G01,FR_11.5,FLAT,2061,-,0,0,752,14146,BL02,FB80x8
534881,52a75e22-3dc4-4a02-b18b-d186344cea30,11004,-2430,1344,4.2,AH36,B40,BF10,BF10,false,stiffner,G01,FR_11,"BENT - 150,000000000603",1119,-,0,0,749,14146,BL02,FB60x8
534890,04c75b2a-bdc1-4b1f-a6e2-2ca507d1fa89,11004,1498,1117,5.4,AH36,B40,BF10,BF10,false,stiffner,G01,FR_11,"BENT - 149,99999999982",1433,-,0,0,748,14146,BL02,FB60x8
534378,31784083-a97f-4c23-a4cf-78824bc12f03,13453,347,2598,3.1,AH36,B50,-,-,false,part,G01,FR_13.5,FLAT,0,-,0,0,284,14146,BL02,THK6
534388,3bd8164e-6820-4f38-86e2-1d13933f3da9,13446,3312,2614,3,AH36,B50,-,-,false,part,G01,FR_13.5,FLAT,0,-,0,0,279,14146,BL02,THK5
